From,CO (mg/m3)
01/02/2023 00:00,0.31
01/02/2023 00:15,0.33
01/02/2023 00:30,0.38
01/02/2023 00:45,0.38
01/02/2023 01:00,0.38
01/02/2023 01:15,0.37
01/02/2023 01:30,0.34
01/02/2023 01:45,0.35
01/02/2023 02:00,0.34
01/02/2023 02:15,0.35
01/02/2023 02:30,0.39
01/02/2023 02:45,0.46
01/02/2023 03:00,0.47
01/02/2023 03:15,0.44
01/02/2023 03:30,0.41
01/02/2023 03:45,0.41
01/02/2023 04:00,0.41
01/02/2023 04:15,0.42
01/02/2023 04:30,0.39
01/02/2023 04:45,0.37
01/02/2023 05:00,0.34
01/02/2023 05:15,0.33
01/02/2023 05:30,0.32
01/02/2023 05:45,0.32
01/02/2023 06:00,0.31
01/02/2023 06:15,0.31
01/02/2023 06:30,0.31
01/02/2023 06:45,0.33
01/02/2023 07:00,0.37
01/02/2023 07:15,0.45
01/02/2023 07:30,0.52
01/02/2023 07:45,0.47
01/02/2023 08:00,0.49
01/02/2023 08:15,0.34
01/02/2023 08:30,0.29
01/02/2023 08:45,0.26
01/02/2023 09:00,0.26
01/02/2023 09:15,0.26
01/02/2023 09:30,0.26
01/02/2023 09:45,0.54
01/02/2023 10:00,0.82
01/02/2023 10:15,1.1
01/02/2023 10:30,0.27
01/02/2023 10:45,0.25
01/02/2023 11:00,0.24
01/02/2023 11:15,0.23
01/02/2023 11:30,0.22
01/02/2023 11:45,0.14
01/02/2023 12:00,0.15
01/02/2023 12:15,0.31
01/02/2023 12:30,0.29
01/02/2023 12:45,0.27
01/02/2023 13:00,0.24
01/02/2023 13:15,0.1
01/02/2023 13:30,0.23
01/02/2023 13:45,0.31
01/02/2023 14:00,0.3
01/02/2023 14:15,0.31
01/02/2023 14:30,0.34
01/02/2023 14:45,0.38
01/02/2023 15:00,0.37
01/02/2023 15:15,0.3
01/02/2023 15:30,0.26
01/02/2023 15:45,0.29
01/02/2023 16:00,0.29
01/02/2023 16:15,0.27
01/02/2023 16:30,0.27
01/02/2023 16:45,0.31
01/02/2023 17:00,0.33
01/02/2023 17:15,0.35
01/02/2023 17:30,0.46
01/02/2023 17:45,0.53
01/02/2023 18:00,0.53
01/02/2023 18:15,0.53
01/02/2023 18:30,0.49
01/02/2023 18:45,0.46
01/02/2023 19:00,0.52
01/02/2023 19:15,0.54
01/02/2023 19:30,0.6
01/02/2023 19:45,0.76
01/02/2023 20:00,0.76
01/02/2023 20:15,0.74
01/02/2023 20:30,0.76
01/02/2023 20:45,0.76
01/02/2023 21:00,0.73
01/02/2023 21:15,0.77
01/02/2023 21:30,0.78
01/02/2023 21:45,0.79
01/02/2023 22:00,0.77
01/02/2023 22:15,0.8
01/02/2023 22:30,1.02
01/02/2023 22:45,1.04
01/02/2023 23:00,1.03
01/02/2023 23:15,0.98
01/02/2023 23:30,0.92
01/02/2023 23:45,1.145
02/02/2023 00:00,1.37
02/02/2023 00:15,1.28
02/02/2023 00:30,1.19
02/02/2023 00:45,1.16
02/02/2023 01:00,1.12
02/02/2023 01:15,1.12
02/02/2023 01:30,1.11
02/02/2023 01:45,1.11
02/02/2023 02:00,1.11
02/02/2023 02:15,1.1
02/02/2023 02:30,1.05
02/02/2023 02:45,1.05
02/02/2023 03:00,1.06
02/02/2023 03:15,1.09
02/02/2023 03:30,1.06
02/02/2023 03:45,1.05
02/02/2023 04:00,1.05
02/02/2023 04:15,1.04
02/02/2023 04:30,1.04
02/02/2023 04:45,1.09
02/02/2023 05:00,1.09
02/02/2023 05:15,1.11
02/02/2023 05:30,1.06
02/02/2023 05:45,1.09
02/02/2023 06:00,1.13
02/02/2023 06:15,1.15
02/02/2023 06:30,1.16
02/02/2023 06:45,1.24
02/02/2023 07:00,1.31
02/02/2023 07:15,1.36
02/02/2023 07:30,1.32
02/02/2023 07:45,1.19
02/02/2023 08:00,1.13
02/02/2023 08:15,1.26
02/02/2023 08:30,1.12
02/02/2023 08:45,1.08
02/02/2023 09:00,1.09
02/02/2023 09:15,1.09
02/02/2023 09:30,1.09
02/02/2023 09:45,1.376666667
02/02/2023 10:00,1.663333333
02/02/2023 10:15,1.95
02/02/2023 10:30,1.535
02/02/2023 10:45,1.12
02/02/2023 11:00,1.11
02/02/2023 11:15,1.12
02/02/2023 11:30,1.13
02/02/2023 11:45,1.12
02/02/2023 12:00,1.12
02/02/2023 12:15,1.16
02/02/2023 12:30,1.19
02/02/2023 12:45,1.21
02/02/2023 13:00,1.23
02/02/2023 13:15,1.18
02/02/2023 13:30,1.11
02/02/2023 13:45,1.08
02/02/2023 14:00,1.06
02/02/2023 14:15,1.06
02/02/2023 14:30,1.06
02/02/2023 14:45,1.05
02/02/2023 15:00,1.06
02/02/2023 15:15,1.05
02/02/2023 15:30,1.08
02/02/2023 15:45,1.08
02/02/2023 16:00,1.08
02/02/2023 16:15,1.05
02/02/2023 16:30,1.1
02/02/2023 16:45,1.12
02/02/2023 17:00,1.15
02/02/2023 17:15,1.13
02/02/2023 17:30,1.16
02/02/2023 17:45,1.18
02/02/2023 18:00,1.37
02/02/2023 18:15,1.45
02/02/2023 18:30,1.63
02/02/2023 18:45,2.05
02/02/2023 19:00,2.26
02/02/2023 19:15,1.98
02/02/2023 19:30,1.68
02/02/2023 19:45,1.71
02/02/2023 20:00,1.72
02/02/2023 20:15,1.67
02/02/2023 20:30,1.79
02/02/2023 20:45,1.87
02/02/2023 21:00,1.77
02/02/2023 21:15,1.8
02/02/2023 21:30,1.83
02/02/2023 21:45,1.95
02/02/2023 22:00,1.76
02/02/2023 22:15,1.77
02/02/2023 22:30,1.94
02/02/2023 22:45,1.97
02/02/2023 23:00,1.87
02/02/2023 23:15,1.83
02/02/2023 23:30,1.6
02/02/2023 23:45,1.52
03/02/2023 00:00,1.44
03/02/2023 00:15,1.4
03/02/2023 00:30,1.26
03/02/2023 00:45,1.24
03/02/2023 01:00,1.21
03/02/2023 01:15,1.18
03/02/2023 01:30,1.12
03/02/2023 01:45,1.19
03/02/2023 02:00,1.21
03/02/2023 02:15,1.2
03/02/2023 02:30,1.12
03/02/2023 02:45,1.12
03/02/2023 03:00,1.12
03/02/2023 03:15,1.09
03/02/2023 03:30,1.26
03/02/2023 03:45,1.4
03/02/2023 04:00,1.39
03/02/2023 04:15,1.42
03/02/2023 04:30,1.44
03/02/2023 04:45,1.4
03/02/2023 05:00,1.45
03/02/2023 05:15,1.59
03/02/2023 05:30,1.42
03/02/2023 05:45,1.28
03/02/2023 06:00,1.21
03/02/2023 06:15,1.16
03/02/2023 06:30,1.16
03/02/2023 06:45,1.19
03/02/2023 07:00,1.21
03/02/2023 07:15,1.24
03/02/2023 07:30,1.41
03/02/2023 07:45,1.4
03/02/2023 08:00,1.18
03/02/2023 08:15,1.19
03/02/2023 08:30,1.24
03/02/2023 08:45,1.13
03/02/2023 09:00,1.04
03/02/2023 09:15,0.98
03/02/2023 09:30,0.95
03/02/2023 09:45,1.246666667
03/02/2023 10:00,1.543333333
03/02/2023 10:15,1.84
03/02/2023 10:30,0.98
03/02/2023 10:45,0.96
03/02/2023 11:00,0.94
03/02/2023 11:15,0.93
03/02/2023 11:30,0.93
03/02/2023 11:45,0.94
03/02/2023 12:00,0.97
03/02/2023 12:15,1.02
03/02/2023 12:30,1.05
03/02/2023 12:45,1.06
03/02/2023 13:00,1.03
03/02/2023 13:15,0.98
03/02/2023 13:30,0.94
03/02/2023 13:45,0.94
03/02/2023 14:00,0.94
03/02/2023 14:15,0.94
03/02/2023 14:30,0.92
03/02/2023 14:45,0.9
03/02/2023 15:00,0.89
03/02/2023 15:15,0.89
03/02/2023 15:30,0.89
03/02/2023 15:45,0.88
03/02/2023 16:00,0.86
03/02/2023 16:15,0.92
03/02/2023 16:30,0.95
03/02/2023 16:45,0.97
03/02/2023 17:00,0.95
03/02/2023 17:15,0.96
03/02/2023 17:30,0.98
03/02/2023 17:45,1.01
03/02/2023 18:00,1.1
03/02/2023 18:15,1.31
03/02/2023 18:30,1.28
03/02/2023 18:45,1.33
03/02/2023 19:00,1.33
03/02/2023 19:15,1.43
03/02/2023 19:30,1.55
03/02/2023 19:45,1.42
03/02/2023 20:00,1.34
03/02/2023 20:15,1.45
03/02/2023 20:30,1.67
03/02/2023 20:45,1.56
03/02/2023 21:00,1.43
03/02/2023 21:15,1.57
03/02/2023 21:30,1.45
03/02/2023 21:45,1.69
03/02/2023 22:00,1.49
03/02/2023 22:15,1.4
03/02/2023 22:30,1.42
03/02/2023 22:45,1.42
03/02/2023 23:00,1.58
03/02/2023 23:15,1.67
03/02/2023 23:30,1.74
03/02/2023 23:45,1.69
04/02/2023 00:00,1.64
04/02/2023 00:15,1.59
04/02/2023 00:30,1.6
04/02/2023 00:45,1.63
04/02/2023 01:00,1.5
04/02/2023 01:15,1.4
04/02/2023 01:30,1.42
04/02/2023 01:45,1.37
04/02/2023 02:00,1.32
04/02/2023 02:15,1.25
04/02/2023 02:30,1.19
04/02/2023 02:45,1.2
04/02/2023 03:00,1.25
04/02/2023 03:15,1.27
04/02/2023 03:30,1.27
04/02/2023 03:45,1.25
04/02/2023 04:00,1.19
04/02/2023 04:15,1.16
04/02/2023 04:30,1.19
04/02/2023 04:45,1.21
04/02/2023 05:00,1.21
04/02/2023 05:15,1.33
04/02/2023 05:30,1.6
04/02/2023 05:45,1.48
04/02/2023 06:00,1.35
04/02/2023 06:15,1.44
04/02/2023 06:30,1.99
04/02/2023 06:45,1.74
04/02/2023 07:00,2.04
04/02/2023 07:15,2.34
04/02/2023 07:30,1.48
04/02/2023 07:45,1.02
04/02/2023 08:00,0.61
04/02/2023 08:15,0.63
04/02/2023 08:30,0.73
04/02/2023 08:45,0.69
04/02/2023 09:00,0.53
04/02/2023 09:15,0.5
04/02/2023 09:30,0.45
04/02/2023 09:45,0.72
04/02/2023 10:00,0.99
04/02/2023 10:15,1.26
04/02/2023 10:30,0.41
04/02/2023 10:45,0.4
04/02/2023 11:00,0.39
04/02/2023 11:15,0.38
04/02/2023 11:30,0.37
04/02/2023 11:45,0.33
04/02/2023 12:00,0.3
04/02/2023 12:15,0.3
04/02/2023 12:30,0.29
04/02/2023 12:45,0.27
04/02/2023 13:00,0.5375
04/02/2023 13:15,0.805
04/02/2023 13:30,1.0725
04/02/2023 13:45,1.34
04/02/2023 14:00,1.33
04/02/2023 14:15,1.31
04/02/2023 14:30,0.98
04/02/2023 14:45,0.68
04/02/2023 15:00,0.66
04/02/2023 15:15,0.65
04/02/2023 15:30,0.66
04/02/2023 15:45,0.66
04/02/2023 16:00,0.66
04/02/2023 16:15,0.66
04/02/2023 16:30,0.66
04/02/2023 16:45,0.69
04/02/2023 17:00,0.7
04/02/2023 17:15,0.7
04/02/2023 17:30,0.7
04/02/2023 17:45,0.74
04/02/2023 18:00,0.8
04/02/2023 18:15,0.84
04/02/2023 18:30,0.87
04/02/2023 18:45,0.93
04/02/2023 19:00,1.02
04/02/2023 19:15,1.03
04/02/2023 19:30,1.08
04/02/2023 19:45,1.03
04/02/2023 20:00,1.52
04/02/2023 20:15,2.2
04/02/2023 20:30,2.07
04/02/2023 20:45,1.95
04/02/2023 21:00,1.43
04/02/2023 21:15,1.36
04/02/2023 21:30,1.44
04/02/2023 21:45,1.72
04/02/2023 22:00,1.66
04/02/2023 22:15,1.68
04/02/2023 22:30,1.83
04/02/2023 22:45,2
04/02/2023 23:00,2.02
04/02/2023 23:15,2.22
04/02/2023 23:30,1.92
04/02/2023 23:45,1.71
05/02/2023 00:00,1.5
05/02/2023 00:15,1.28
05/02/2023 00:30,1.19
05/02/2023 00:45,1.16
05/02/2023 01:00,1.23
05/02/2023 01:15,1.19
05/02/2023 01:30,1.25
05/02/2023 01:45,1.31
05/02/2023 02:00,1.29
05/02/2023 02:15,1.28
05/02/2023 02:30,1.27
05/02/2023 02:45,1.23
05/02/2023 03:00,1.21
05/02/2023 03:15,1.2
05/02/2023 03:30,1.08
05/02/2023 03:45,0.98
05/02/2023 04:00,0.77
05/02/2023 04:15,0.65
05/02/2023 04:30,0.66
05/02/2023 04:45,0.72
05/02/2023 05:00,0.62
05/02/2023 05:15,0.6
05/02/2023 05:30,0.63
05/02/2023 05:45,0.71
05/02/2023 06:00,0.74
05/02/2023 06:15,1.12
05/02/2023 06:30,1.16
05/02/2023 06:45,1.35
05/02/2023 07:00,1.27
05/02/2023 07:15,1.24
05/02/2023 07:30,0.82
05/02/2023 07:45,0.57
05/02/2023 08:00,0.5
05/02/2023 08:15,0.49
05/02/2023 08:30,0.58
05/02/2023 08:45,0.55
05/02/2023 09:00,0.55
05/02/2023 09:15,0.63
05/02/2023 09:30,0.5
05/02/2023 09:45,0.763333333
05/02/2023 10:00,1.026666667
05/02/2023 10:15,1.29
05/02/2023 10:30,0.46
05/02/2023 10:45,0.44
05/02/2023 11:00,0.44
05/02/2023 11:15,0.42
05/02/2023 11:30,0.38
05/02/2023 11:45,0.35
05/02/2023 12:00,0.34
05/02/2023 12:15,0.3
05/02/2023 12:30,0.27
05/02/2023 12:45,0.27
05/02/2023 13:00,0.25
05/02/2023 13:15,0.24
05/02/2023 13:30,0.23
05/02/2023 13:45,0.21
05/02/2023 14:00,0.17
05/02/2023 14:15,0.15
05/02/2023 14:30,0.14
05/02/2023 14:45,0.14
05/02/2023 15:00,0.13
05/02/2023 15:15,0.19
05/02/2023 15:30,0.196
05/02/2023 15:45,0.202
05/02/2023 16:00,0.208
05/02/2023 16:15,0.214
05/02/2023 16:30,0.22
05/02/2023 16:45,0.226
05/02/2023 17:00,0.232
05/02/2023 17:15,0.238
05/02/2023 17:30,0.244
05/02/2023 17:45,0.25
05/02/2023 18:00,0.24
05/02/2023 18:15,0.33
05/02/2023 18:30,0.65
05/02/2023 18:45,0.87
05/02/2023 19:00,0.98
05/02/2023 19:15,0.93
05/02/2023 19:30,1.28
05/02/2023 19:45,1.05
05/02/2023 20:00,0.93
05/02/2023 20:15,0.87
05/02/2023 20:30,1.12
05/02/2023 20:45,2.38
05/02/2023 21:00,2.1
05/02/2023 21:15,1.56
05/02/2023 21:30,1.83
05/02/2023 21:45,2.05
05/02/2023 22:00,1.74
05/02/2023 22:15,1.57
05/02/2023 22:30,1.56
05/02/2023 22:45,1.56
05/02/2023 23:00,1.56
05/02/2023 23:15,1.84
05/02/2023 23:30,1.65
05/02/2023 23:45,1.46
06/02/2023 00:00,1.27
06/02/2023 00:15,1.04
06/02/2023 00:30,1.04
06/02/2023 00:45,1
06/02/2023 01:00,1.35
06/02/2023 01:15,1.68
06/02/2023 01:30,1.48
06/02/2023 01:45,1.21
06/02/2023 02:00,1.18
06/02/2023 02:15,1.39
06/02/2023 02:30,1.16
06/02/2023 02:45,1.03
06/02/2023 03:00,1
06/02/2023 03:15,0.87
06/02/2023 03:30,0.97
06/02/2023 03:45,1.15
06/02/2023 04:00,1.35
06/02/2023 04:15,1.58
06/02/2023 04:30,1.72
06/02/2023 04:45,1.59
06/02/2023 05:00,1.33
06/02/2023 05:15,1.27
06/02/2023 05:30,1.21
06/02/2023 05:45,1.02
06/02/2023 06:00,1.06
06/02/2023 06:15,1.05
06/02/2023 06:30,1.12
06/02/2023 06:45,1.2
06/02/2023 07:00,1.21
06/02/2023 07:15,1.27
06/02/2023 07:30,1.41
06/02/2023 07:45,1.24
06/02/2023 08:00,0.9
06/02/2023 08:15,0.92
06/02/2023 08:30,0.88
06/02/2023 08:45,0.77
06/02/2023 09:00,0.71
06/02/2023 09:15,0.69
06/02/2023 09:30,0.55
06/02/2023 09:45,0.823333333
06/02/2023 10:00,1.096666667
06/02/2023 10:15,1.37
06/02/2023 10:30,0.5
06/02/2023 10:45,0.47
06/02/2023 11:00,0.39
06/02/2023 11:15,0.35
06/02/2023 11:30,0.35
06/02/2023 11:45,0.33
06/02/2023 12:00,0.31
06/02/2023 12:15,0.31
06/02/2023 12:30,0.27
06/02/2023 12:45,0.33
06/02/2023 13:00,0.41
06/02/2023 13:15,0.49
06/02/2023 13:30,0.58
06/02/2023 13:45,0.57
06/02/2023 14:00,0.48
06/02/2023 14:15,0.4
06/02/2023 14:30,0.35
06/02/2023 14:45,0.35
06/02/2023 15:00,0.32
06/02/2023 15:15,0.33
06/02/2023 15:30,0.31
06/02/2023 15:45,0.3
06/02/2023 16:00,0.33
06/02/2023 16:15,0.34
06/02/2023 16:30,0.33
06/02/2023 16:45,0.37
06/02/2023 17:00,0.41
06/02/2023 17:15,0.48
06/02/2023 17:30,0.5
06/02/2023 17:45,0.55
06/02/2023 18:00,0.62
06/02/2023 18:15,0.77
06/02/2023 18:30,0.74
06/02/2023 18:45,0.88
06/02/2023 19:00,0.84
06/02/2023 19:15,0.88
06/02/2023 19:30,0.85
06/02/2023 19:45,0.73
06/02/2023 20:00,0.92
06/02/2023 20:15,0.87
06/02/2023 20:30,0.8
06/02/2023 20:45,1.4
06/02/2023 21:00,1.88
06/02/2023 21:15,1.5
06/02/2023 21:30,1.27
06/02/2023 21:45,1.11
06/02/2023 22:00,1.33
06/02/2023 22:15,1.52
06/02/2023 22:30,1.52
06/02/2023 22:45,1.42
06/02/2023 23:00,1.39
06/02/2023 23:15,1.41
06/02/2023 23:30,1.51
06/02/2023 23:45,1.695
07/02/2023 00:00,1.88
07/02/2023 00:15,1.57
07/02/2023 00:30,1.4
07/02/2023 00:45,1.35
07/02/2023 01:00,1.36
07/02/2023 01:15,1.35
07/02/2023 01:30,1.36
07/02/2023 01:45,1.29
07/02/2023 02:00,1.37
07/02/2023 02:15,1.28
07/02/2023 02:30,1.18
07/02/2023 02:45,1.12
07/02/2023 03:00,0.93
07/02/2023 03:15,0.88
07/02/2023 03:30,0.88
07/02/2023 03:45,0.84
07/02/2023 04:00,0.77
07/02/2023 04:15,0.77
07/02/2023 04:30,0.97
07/02/2023 04:45,1.24
07/02/2023 05:00,1.25
07/02/2023 05:15,1.13
07/02/2023 05:30,1.33
07/02/2023 05:45,1.43
07/02/2023 06:00,1.43
07/02/2023 06:15,1.31
07/02/2023 06:30,1.24
07/02/2023 06:45,1.36
07/02/2023 07:00,1.83
07/02/2023 07:15,2.21
07/02/2023 07:30,2.26
07/02/2023 07:45,1.44
07/02/2023 08:00,0.5
07/02/2023 08:15,0.33
07/02/2023 08:30,0.42
07/02/2023 08:45,0.55
07/02/2023 09:00,0.65
07/02/2023 09:15,0.63
07/02/2023 09:30,0.52
07/02/2023 09:45,0.77
07/02/2023 10:00,1.02
07/02/2023 10:15,1.27
07/02/2023 10:30,0.38
07/02/2023 10:45,0.25
07/02/2023 11:00,0.17
07/02/2023 11:15,0.13
07/02/2023 11:30,0.146
07/02/2023 11:45,0.162
07/02/2023 12:00,0.178
07/02/2023 12:15,0.194
07/02/2023 12:30,0.21
07/02/2023 12:45,0.21
07/02/2023 13:00,0.21
07/02/2023 13:15,0.22
07/02/2023 13:30,0.23
07/02/2023 13:45,0.24
07/02/2023 14:00,0.25
07/02/2023 14:15,0.26
07/02/2023 14:30,0.27
07/02/2023 14:45,0.27
07/02/2023 15:00,0.26
07/02/2023 15:15,0.3
07/02/2023 15:30,0.31
07/02/2023 15:45,0.33
07/02/2023 16:00,0.33
07/02/2023 16:15,0.35
07/02/2023 16:30,0.37
07/02/2023 16:45,0.39
07/02/2023 17:00,0.38
07/02/2023 17:15,0.39
07/02/2023 17:30,0.42
07/02/2023 17:45,0.5
07/02/2023 18:00,0.57
07/02/2023 18:15,0.58
07/02/2023 18:30,0.54
07/02/2023 18:45,0.55
07/02/2023 19:00,0.54
07/02/2023 19:15,0.53
07/02/2023 19:30,0.5
07/02/2023 19:45,0.48
07/02/2023 20:00,0.45
07/02/2023 20:15,0.46
07/02/2023 20:30,0.46
07/02/2023 20:45,0.48
07/02/2023 21:00,0.46
07/02/2023 21:15,0.46
07/02/2023 21:30,0.53
07/02/2023 21:45,0.55
07/02/2023 22:00,0.69
07/02/2023 22:15,0.81
07/02/2023 22:30,0.85
07/02/2023 22:45,0.89
07/02/2023 23:00,0.88
07/02/2023 23:15,0.87
07/02/2023 23:30,0.85
07/02/2023 23:45,1.08
08/02/2023 00:00,1.31
08/02/2023 00:15,1.52
08/02/2023 00:30,1.59
08/02/2023 00:45,1.58
08/02/2023 01:00,1.58
08/02/2023 01:15,1.49
08/02/2023 01:30,1.53
08/02/2023 01:45,1.56
08/02/2023 02:00,1.47
08/02/2023 02:15,1.48
08/02/2023 02:30,1.51
08/02/2023 02:45,1.5
08/02/2023 03:00,1.53
08/02/2023 03:15,1.45
08/02/2023 03:30,1.56
08/02/2023 03:45,1.51
08/02/2023 04:00,1.45
08/02/2023 04:15,1.39
08/02/2023 04:30,1.28
08/02/2023 04:45,1.26
08/02/2023 05:00,1.2
08/02/2023 05:15,1.2
08/02/2023 05:30,1.17
08/02/2023 05:45,1.12
08/02/2023 06:00,1.04
08/02/2023 06:15,1.03
08/02/2023 06:30,1
08/02/2023 06:45,1
08/02/2023 07:00,1.04
08/02/2023 07:15,1.21
08/02/2023 07:30,1.29
08/02/2023 07:45,1.21
08/02/2023 08:00,1.12
08/02/2023 08:15,1.12
08/02/2023 08:30,1.1
08/02/2023 08:45,1.06
08/02/2023 09:00,1.06
08/02/2023 09:15,1.06
08/02/2023 09:30,1.02
08/02/2023 09:45,1.296666667
08/02/2023 10:00,1.573333333
08/02/2023 10:15,1.85
08/02/2023 10:30,0.98
08/02/2023 10:45,0.97
08/02/2023 11:00,0.96
08/02/2023 11:15,0.93
08/02/2023 11:30,0.85
08/02/2023 11:45,0.78
08/02/2023 12:00,0.79
08/02/2023 12:15,0.81
08/02/2023 12:30,0.8
08/02/2023 12:45,0.81
08/02/2023 13:00,0.81
08/02/2023 13:15,0.82
08/02/2023 13:30,0.87
08/02/2023 13:45,0.86
08/02/2023 14:00,0.86
08/02/2023 14:15,0.86
08/02/2023 14:30,0.88
08/02/2023 14:45,0.888333333
08/02/2023 15:00,0.896666667
08/02/2023 15:15,0.905
08/02/2023 15:30,0.913333333
08/02/2023 15:45,0.921666667
08/02/2023 16:00,0.93
08/02/2023 16:15,0.938333333
08/02/2023 16:30,0.946666667
08/02/2023 16:45,0.955
08/02/2023 17:00,0.963333333
08/02/2023 17:15,0.971666667
08/02/2023 17:30,0.98
08/02/2023 17:45,0.96
08/02/2023 18:00,0.95
08/02/2023 18:15,0.97
08/02/2023 18:30,1.01
08/02/2023 18:45,1.02
08/02/2023 19:00,0.98
08/02/2023 19:15,1
08/02/2023 19:30,1.01
08/02/2023 19:45,1.03
08/02/2023 20:00,1.06
08/02/2023 20:15,1.03
08/02/2023 20:30,1.01
08/02/2023 20:45,1.16
08/02/2023 21:00,1.68
08/02/2023 21:15,1.39
08/02/2023 21:30,1.31
08/02/2023 21:45,1.37
08/02/2023 22:00,1.37
08/02/2023 22:15,1.66
08/02/2023 22:30,1.82
08/02/2023 22:45,1.94
08/02/2023 23:00,1.64
08/02/2023 23:15,1.81
08/02/2023 23:30,1.9
08/02/2023 23:45,1.705
09/02/2023 00:00,1.51
09/02/2023 00:15,1.47
09/02/2023 00:30,1.25
09/02/2023 00:45,1.45
09/02/2023 01:00,1.31
09/02/2023 01:15,1.28
09/02/2023 01:30,1.34
09/02/2023 01:45,1.19
09/02/2023 02:00,1.1
09/02/2023 02:15,1.06
09/02/2023 02:30,1.15
09/02/2023 02:45,1.28
09/02/2023 03:00,1.11
09/02/2023 03:15,1.16
09/02/2023 03:30,1.4
09/02/2023 03:45,1.29
09/02/2023 04:00,1.24
09/02/2023 04:15,1.2
09/02/2023 04:30,1.24
09/02/2023 04:45,1.25
09/02/2023 05:00,1.21
09/02/2023 05:15,1.18
09/02/2023 05:30,1.19
09/02/2023 05:45,1.69
09/02/2023 06:00,1.99
09/02/2023 06:15,1.9
09/02/2023 06:30,1.53
09/02/2023 06:45,1.18
09/02/2023 07:00,1.48
09/02/2023 07:15,1.44
09/02/2023 07:30,1.45
09/02/2023 07:45,2.2
09/02/2023 08:00,1.92
09/02/2023 08:15,1.49
09/02/2023 08:30,1.21
09/02/2023 08:45,1.12
09/02/2023 09:00,1.09
09/02/2023 09:15,1.06
09/02/2023 09:30,0.98
09/02/2023 09:45,1.283333333
09/02/2023 10:00,1.586666667
09/02/2023 10:15,1.89
09/02/2023 10:30,0.97
09/02/2023 10:45,0.95
09/02/2023 11:00,0.93
09/02/2023 11:15,0.9
09/02/2023 11:30,0.88
09/02/2023 11:45,0.88
09/02/2023 12:00,0.85
09/02/2023 12:15,0.82
09/02/2023 12:30,0.76
09/02/2023 12:45,0.77
09/02/2023 13:00,0.77
09/02/2023 13:15,0.78
09/02/2023 13:30,0.78
09/02/2023 13:45,0.78
09/02/2023 14:00,0.77
09/02/2023 14:15,0.74
09/02/2023 14:30,0.76
09/02/2023 14:45,0.66
09/02/2023 15:00,0.7
09/02/2023 15:15,0.7
09/02/2023 15:30,0.7
09/02/2023 15:45,0.71
09/02/2023 16:00,0.73
09/02/2023 16:15,0.74
09/02/2023 16:30,0.76
09/02/2023 16:45,0.77
09/02/2023 17:00,0.8
09/02/2023 17:15,0.8
09/02/2023 17:30,0.79
09/02/2023 17:45,0.79
09/02/2023 18:00,1.01
09/02/2023 18:15,2.19
09/02/2023 18:30,2.19
09/02/2023 18:45,2.73
09/02/2023 19:00,2.37
09/02/2023 19:15,2.28
09/02/2023 19:30,2.36
09/02/2023 19:45,2.35
09/02/2023 20:00,2.18
09/02/2023 20:15,1.87
09/02/2023 20:30,2
09/02/2023 20:45,1.4
09/02/2023 21:00,1.5
09/02/2023 21:15,1.91
09/02/2023 21:30,1.94
09/02/2023 21:45,2.03
09/02/2023 22:00,2.81
09/02/2023 22:15,2.63
09/02/2023 22:30,2.27
09/02/2023 22:45,2.16
09/02/2023 23:00,1.99
09/02/2023 23:15,1.67
09/02/2023 23:30,1.74
09/02/2023 23:45,1.78
10/02/2023 00:00,1.82
10/02/2023 00:15,1.56
10/02/2023 00:30,1.42
10/02/2023 00:45,1.49
10/02/2023 01:00,1.72
10/02/2023 01:15,2.12
10/02/2023 01:30,1.92
10/02/2023 01:45,1.84
10/02/2023 02:00,1.83
10/02/2023 02:15,1.73
10/02/2023 02:30,1.67
10/02/2023 02:45,1.74
10/02/2023 03:00,1.81
10/02/2023 03:15,1.8
10/02/2023 03:30,1.84
10/02/2023 03:45,1.95
10/02/2023 04:00,1.96
10/02/2023 04:15,1.96
10/02/2023 04:30,2
10/02/2023 04:45,2.1
10/02/2023 05:00,2.28
10/02/2023 05:15,2.39
10/02/2023 05:30,2.11
10/02/2023 05:45,2.02
10/02/2023 06:00,2.08
10/02/2023 06:15,2.11
10/02/2023 06:30,2.11
10/02/2023 06:45,2.16
10/02/2023 07:00,2.15
10/02/2023 07:15,1.98
10/02/2023 07:30,1.95
10/02/2023 07:45,1.9
10/02/2023 08:00,1.42
10/02/2023 08:15,1.25
10/02/2023 08:30,1.25
10/02/2023 08:45,1.24
10/02/2023 09:00,1.25
10/02/2023 09:15,1.26
10/02/2023 09:30,1.03
10/02/2023 09:45,1.256666667
10/02/2023 10:00,1.483333333
10/02/2023 10:15,1.71
10/02/2023 10:30,0.85
10/02/2023 10:45,0.82
10/02/2023 11:00,0.81
10/02/2023 11:15,0.81
10/02/2023 11:30,0.81
10/02/2023 11:45,0.86
10/02/2023 12:00,0.95
10/02/2023 12:15,0.92
10/02/2023 12:30,0.84
10/02/2023 12:45,0.77
10/02/2023 13:00,0.77
10/02/2023 13:15,0.73
10/02/2023 13:30,0.77
10/02/2023 13:45,0.76
10/02/2023 14:00,0.74
10/02/2023 14:15,0.61
10/02/2023 14:30,0.57
10/02/2023 14:45,0.56
10/02/2023 15:00,0.56
10/02/2023 15:15,0.6
10/02/2023 15:30,0.58
10/02/2023 15:45,0.56
10/02/2023 16:00,0.56
10/02/2023 16:15,0.56
10/02/2023 16:30,0.56
10/02/2023 16:45,0.58
10/02/2023 17:00,0.58
10/02/2023 17:15,0.66
10/02/2023 17:30,0.98
10/02/2023 17:45,1.06
10/02/2023 18:00,1.18
10/02/2023 18:15,1.2
10/02/2023 18:30,1.51
10/02/2023 18:45,2.08
10/02/2023 19:00,1.96
10/02/2023 19:15,2.26
10/02/2023 19:30,2.183333333
10/02/2023 19:45,2.106666667
10/02/2023 20:00,2.03
10/02/2023 20:15,2.91
10/02/2023 20:30,3.82
10/02/2023 20:45,2.4
10/02/2023 21:00,2.92
10/02/2023 21:15,2.45
10/02/2023 21:30,2.27
10/02/2023 21:45,2.29
10/02/2023 22:00,1.98
10/02/2023 22:15,2.06
10/02/2023 22:30,2.63
10/02/2023 22:45,2.84
10/02/2023 23:00,2.36
10/02/2023 23:15,2.18
10/02/2023 23:30,2.03
10/02/2023 23:45,2.025
,2.02
,1.59
,1.61
,1.6
,1.56
,1.49
,1.43
,1.49
,1.57
,1.5
,1.51
,1.52
,1.35
,1.24
,1.28
,1.31
,1.32
,1.29
,1.34
,1.21
,1.21
,1.33
,1.79
,1.89
,2.06
,1.97
,1.99
,1.95
,2.03
,2.23
,2.71
,2.9
,2.28
,1.71
,1.37
,1.39
,1.42
,1.12
,0.5
,0.756666667
,1.013333333
,1.27
,0.38
,0.38
,0.38
,0.35
,0.29
,0.23
,0.25
,0.29
,0.3
,0.3
,0.62
,0.6
,0.57
,0.54
,0.52
,0.56
,0.56
,0.53
,0.53
,0.53
,0.53
,0.735
,0.94
,1.145
,1.35
,1.31
,1.27
,1.25
,1.23
,1.23
,0.64
,0.56
,0.58
,0.6
,0.62
,0.66
,0.65
,0.62
,0.63
,0.71
,0.72
,0.73
,0.74
,0.81
,0.84
,0.84
,0.84
,0.82
,0.76
,0.76
,0.78
,0.85
,0.86
,0.815
,0.77
,0.73
,0.69
,0.7
,0.73
,0.73
,0.65
,0.6
,0.57
,0.65
,0.61
,0.58
,0.56
,0.56
,0.61
,0.66
,0.65
,0.65
,0.68
,0.7
,0.7
,0.72
,0.72
,0.7
,0.69
,0.69
,0.68
,0.66
,0.68
,0.66
,0.72
,0.74
,0.73
,0.78
,0.74
,0.7
,0.71
,0.72
,0.71
,0.956666667
,1.203333333
,1.45
,0.62
,0.61
,0.6
,0.58
,0.57
,0.56
,0.55
,0.6
,0.56
,0.55
,0.54
,0.54
,0.54
,0.53
,0.49
,0.48
,0.45
,0.47
,0.49
,0.5
,0.5
,0.53
,0.5
,0.5
,0.48
,0.46
,0.48
,0.5
,0.52
,0.52
,0.54
,0.57
,0.62
,0.64
,0.66
,0.69
,0.7
,0.69
,0.65
,0.65
,0.72
,0.71
,0.7
,0.71
,0.71
,0.74
,0.78
,0.77
,0.77
,0.81
,0.88
,1
,1.16
,1.05
,0.94
,1
,1.21
,1.16
,0.98
,0.92
,0.82
,0.69
,0.61
,0.57
,0.57
,0.49
,0.42
,0.4
,0.4
,0.42
,0.45
,0.49
,0.49
,0.5
,0.5
,0.47
,0.48
,0.49
,0.55
,0.6
,0.57
,0.6
,0.6
,0.54
,0.48
,0.49
,0.49
,0.44
,0.45
,0.44
,0.44
,0.45
,0.44
,0.71
,0.98
,1.25
,0.42
,0.42
,0.42
,0.42
,0.42
,0.44
,0.45
,0.47
,0.44
,0.44
,0.42
,0.45
,0.44
,0.42
,0.44
,0.42
,0.44
,0.45
,0.44
,0.45
,0.45
,0.41
,0.41
,0.44
,0.42
,0.44
,0.42
,0.42
,0.45
,0.52
,0.62
,0.66
,0.63
,0.55
,0.27
,0.3
,0.25
,0.24
,0.23
,0.26
,0.25
,0.22
,0.22
,0.26
,0.5
,0.66
,0.72
,0.72
,0.73
,0.76
,0.77
,0.7
,0.65
,0.79
,0.93
,0.9
,0.89
,0.89
,0.88
,0.87
,0.88
,0.9
,0.92
,0.92
,0.88
,0.88
,0.89
,0.9
,0.87
,0.88
,0.87
,0.86
,0.87
,0.86
,0.87
,0.86
,0.88
,0.9
,0.92
,0.97
,1.01
,1.1
,1.08
,0.93
,0.81
,0.76
,0.77
,0.82
,0.82
,0.8
,0.81
,0.73
,0.74
,0.95
,1.16
,1.37
,0.53
,0.54
,0.53
,0.54
,0.54
,0.53
,0.53
,0.54
,0.54
,0.61
,0.58
,0.56
,0.55
,0.55
,0.56
,0.58
,0.54
,0.35
,0.31
,0.495
,0.68
,0.66
,0.66
,0.7
,0.71
,0.71
,0.72
,0.71
,0.72
,0.73
,0.77
,0.81
,0.8
,0.79
,0.62
,0.6
,0.62
,0.6
,0.6
,0.6
,0.61
,0.65
,0.78
,0.94
,0.93
,0.84
,0.74
,0.73
,0.86
,1.18
,1.26
,1.25
,1.24
,1.655
,2.07
,2.04
,1.95
,1.92
,1.96
,2.02
,2.06
,2.06
,1.97
,1.85
,1.82
,1.82
,1.81
,1.76
,1.73
,1.72
,1.67
,1.65
,1.79
,1.72
,1.59
,1.57
,1.59
,1.61
,1.59
,1.55
,1.51
,1.55
,1.55
,1.56
,1.66
,1.76
,1.73
,1.72
,1.69
,1.65
,1.64
,1.52
,1.44
,1.72
,2
,2.28
,1.41
,1.41
,1.39
,1.37
,1.37
,1.4
,1.42
,1.42
,1.41
,1.39
,1.41
,1.33
,1.29
,1.24
,1.26
,1.24
,1.25
,1.27
,1.25
,1.23
,1.23
,1.23
,1.23
,1.24
,1.24
,1.25
,1.24
,1.26
,1.27
,1.29
,1.31
,1.29
,1.33
,1.35
,1.4
,1.5
,1.45
,1.43
,1.47
,2.05
,1.81
,1.69
,1.73
,1.82
,1.87
,1.9
,1.85
,1.81
,1.81
,1.83
,1.8
,1.74
,1.74
,1.79
,1.84
,1.87
,1.9
,1.96
,2.06
,2.14
,2.08
,2.11
,2.03
,1.95
,1.91
,1.94
,2
,2
,2.05
,2.05
,2
,1.99
,1.99
,1.96
,1.91
,2.15
,2.16
,2.07
,2.07
,2.03
,1.92
,1.88
,1.88
,1.82
,1.81
,1.89
,1.96
,2.03
,2.18
,2.23
,2.22
,2.15
,2.03
,1.91
,1.79
,1.67
,0.76
,0.77
,0.77
,0.86
,1.09
,1.18
,1.18
,1.18
,1.17
,1.19
,1.21
,1.33
,1.2
,1.1
,1.11
,1.09
,1.05
,1.03
,1.06
,1.31
,1.31
,1.28
,1.27
,1.28
,1.29
,1.35
,1.29
,1.28
,1.32
,1.36
,1.47
,1.83
,2.44
,2.52
,2.18
,1.88
,1.53
,1.35
,1.37
,1.41
,1.45
,1.48
,1.5
,1.43
,1.41
,1.55
,1.58
,1.58
,1.82
,2.02
,1.87
,1.83
,1.8
,1.399999999
,1
,0.98
,1
,1
,0.93
,0.88
,0.97
,1.09
,1.09
,1.06
,0.96
,0.87
,0.78
,0.76
,0.7
,0.68
,1.03
,0.97
,0.93
,0.98
,0.97
,0.96
,1.01
,1.37
,1.49
,1.52
,1.71
,1.73
,1.76
,1.79
,1.82
,1.9
,1.92
,1.91
,1.9
,1.79
,1.82
,1.83
,1.73
,1.963333333
,2.196666667
,2.43
,1.31
,1.32
,1.31
,1.31
,1.29
,1.27
,1.16
,1.65
,1.69
,1.68
,1.69
,1.68
,1.69
,1.67
,1.66
,1.65
,1.65
,1.48
,1.43
,1.44
,1.55
,1.58
,1.58
,1.59
,1.61
,1.69
,1.75
,1.81
,1.89
,2.06
,2.11
,2.2
,2.43
,2.87
,3.18
,3.22
,2.84
,2.21
,2.1
,1.98
,1.94
,1.91
,1.91
,1.89
,1.85
,1.88
,1.95
,1.97
,2.05
,2.1
,2.16
,2.19
,2.15
,1.564999999
,0.98
,0.86
,0.79
,0.78
,0.78
,0.77
,0.81
,0.85
,0.87
,1.05
,1.27
,1.33
,1.25
,1.2
,1.17
,1.16
,1.17
,1.12
,1.23
,1.12
,1.09
,1.05
,1.04
,1.04
,1.03
,1.08
,1.03
,1
,1.06
,1.4
,1.59
,1.61
,1.66
,1.51
,1.39
,1.2
,1.08
,1
,0.97
,1.21
,1.45
,1.69
,0.6
,0.58
,0.57
,0.58
,0.58
,0.58
,0.6
,0.61
,0.61
,0.63
,0.6
,0.47
,0.41
,0.34
,0.29
,0.27
,0.26
,0.23
,0.21
,0.17
,0.11
,0.16
,0.15
,0.1
,0.1
,0.14
,0.19
,0.21
,0.23
,0.31
,0.64
,1.19
,1.55
,2.2
,2.34
,2.21
,2.44
,1.12
,0.64
,0.58
,0.56
,0.54
,0.52
,0.49
,0.55
,0.64
,0.69
,0.71
,0.7
,0.71
,0.72
,0.71
,0.72
,1.065
,1.41
,1.18
,1.05
,1.12
,1.06
,1.02
,1.04
,1.05
,1.12
,1.33
,1.35
,1.19
,1.15
,1.12
,1.15
,1.18
,1.13
,1.08
,0.95
,0.94
,0.92
,0.87
,0.86
,0.87
,0.9
,1.02
,1.11
,1.47
,1.73
,1.84
,1.61
,1.25
,1.18
,1.12
,1.19
,1.17
,1.02
,0.79
,0.63
,0.886666666
,1.143333333
,1.4
,0.6
,0.86
,1.02
,0.96
,0.92
,0.88
,0.84
,0.81
,0.74
,0.66
,0.65
,0.66
,0.65
,0.69
,0.7
,0.72
,0.73
,0.74
,0.73
,0.69
,0.64
,0.68
,0.69
,0.69
,0.72
,0.79
,0.81
,0.84
,0.87
,0.92
,0.92
,0.92
,0.94
,1.03
,1.11
,1.11
,1.06
,1.12
,1.13
,1.11
,1.17
,1.13
,1.15
,1.18
,1.23
,1.27
,1.34
,1.44
,1.6
,1.92
,2.05
,1.91
,1.76
,1.5
,1.24
,1.23
,1.01
,1
,0.85
,0.81
,0.84
,0.79
,0.92
,0.94
,0.92
,0.88
,0.78
,0.73
,0.71
,0.68
,0.58
,0.56
,0.54
,0.72
,0.63
,0.61
,0.63
,0.61
,0.64
,0.8
,0.71
,0.63
,0.65
,0.74
,0.77
,0.85
,1.02
,0.82
,0.57
,0.68
,0.72
,0.58
,0.34
,0.593333333
,0.846666666
,1.1
,0.27
,0.24
,0.23
,0.22
,0.19
,0.18
,0.16
,0.156153846
,0.152307692
,0.148461538
,0.144615385
,0.140769231
,0.136923077
,0.133076923
,0.129230769
,0.125384615
,0.121538462
,0.117692308
,0.113846154
,0.11
,0.15
,0.17
,0.19
,0.19
,0.19
,0.21
,0.23
,0.25
,0.27
,0.29
,0.35
,0.66
,0.95
,1.33
,2.03
,2.5
,2.86
,3.15
,2.1
,1.02
,1.28
,1.94
,1.99
,1.29
,1.16
,1.65
,1.51
,1.34
,1.24
,1.56
,1.77
,1.5
,1.23
,1.43
,1.63
,1.63
,1.39
,1.37
,1.25
,1.19
,1.16
,1.19
,1.24
,1.41
,1.49
,1.32
,1.36
,1.29
,1.25
,1.17
,1.24
,1.21
,1.25
,1.26
,1.56
,1.5
,1.37
,1.26
,1.32
,1.32
,1.32
,1.47
,2.52
,2.75
,2.31
,1.02
,0.69
,0.61
,0.62
,0.62
,0.61
,0.62
,0.63
,0.876666667
,1.123333333
,1.37
,0.61
,0.57
,0.56
,0.54
,0.54
,0.54
,0.49
,0.49
,0.55
,0.63
,0.63
,0.58
,0.57
,0.55
,0.57
,0.55
,0.53
,0.54
,0.54
,0.52
,0.5
,0.49
,0.54
,0.54
,0.56
,0.56
,0.57
,0.57
,0.74
,0.9
,0.95
,1.01
,1.05
,0.94
,1.16
,1.17
,1.44
,1.27
,1.21
,1.44
,1.28
,1.32
,1.43
,1.9
,1.91
,2.06
,2
,1.69
,1.43
,1.43
,1.52
,1.56
,1.82
,1.705
,1.59
,1.6
,1.65
,1.49
,1.31
,1.28
,1.36
,1.32
,1.25
,1.23
,1.06
,0.85
,0.78
,0.77
,0.7
,0.56
,0.61
,0.63
,0.65
,0.72
,0.69
,0.62
,0.63
,0.89
,1
,1.02
,1.48
,1.2
,1.2
,0.87
,0.76
,0.66
,0.65
,0.65
,0.69
,0.73
,0.64
,0.61
,0.46
,0.653333333
,0.846666667
,1.04
,0.29
,0.26
,0.23
,0.21
,0.19
,0.17
,0.15
,0.1
,0.1
,0.1
,0.1
,0.1
,0.1
,0.1
,0.1
,0.1
,0.1
,0.1
,0.1
,0.1
,0.1
,0.1
,0.15
,0.14
,0.125
,0.11
,0.13
,0.21
,0.23
,0.26
,0.26
,0.31
,0.38
,0.39
,0.32
,0.3
,0.34
,0.27
,0.31
,0.45
,0.49
,0.52
,0.72
,0.94
,0.95
,1.01
,1.42
,1.43
,1.48
,1.23
,1.19
,0.98
,0.97
,1.145
,1.32
,1.29
,1.28
,1.49
,1.64
,1.57
,1.45
,1.68
,1.9
,1.71
,1.56
,1.55
,1.49
,1.48
,1.53
,1.57
,1.73
,2.03
,2.23
,2.2
,2.13
,2.12
,2.1
,2.11
,2.29
,2.21
,2.2
,2.91
,3.32
,3.06
,2.6
,2.04
,1.39
,1.44
,1.58
,1.67
,1.39
,1.28
,1.23
,1.53
,1.83
,2.13
,1.66
,1.64
,1.4
,1.31
,1.29
,1.28
,1.28
,1.27
,1.26
,1.25
,1.26
,1.27
,1.26
,1.24
,1.23
,1.21
,1.21
,1.23
,1.1
,0.92
,0.93
,0.93
,0.92
,0.92
,0.94
,0.95
,1
,0.8
,0.64
,0.65
,0.62
,0.47
,0.44
,0.47
,0.44
,0.42
,0.37
,0.34
,0.34
,0.35
,0.4
,0.46
,0.47
,0.52
,0.6
,0.52
,0.61
,0.65
,0.72
,0.7
,0.81
,0.87
,1.16
,1.1
,1.04
,0.94
,1.1
,1
,0.93
,0.89
,0.87
,0.87
,0.9
,0.87
,0.94
,0.96
,0.96
,0.98
,0.95
,0.92
,0.87
,0.84
,0.89
,1
,0.95
,0.94
,1.08
,1.49
,1.4
,1.33
,1.28
,1.25
,1.56
,1.72
,1.23
,0.8
,0.81
,1.05
,1.04
,1.02
,0.93
,0.87
,0.87
,1.086666667
,1.303333333
,1.52
,0.78
,0.78
,0.6
,0.33
,0.37
,0.33
,0.27
,0.24
,0.18
,0.13
,0.14
,0.14625
,0.1525
,0.15875
,0.165
,0.17125
,0.1775
,0.18375
,0.19
,0.19625
,0.2025
,0.20875
,0.215
,0.22125
,0.2275
,0.23375
,0.24
,0.35
,0.31
,0.29
,0.3
,0.3
,0.33
,0.35
,0.37
,0.39
,0.3
,0.25
,0.26
,0.27
,0.29
,0.35
,0.64
,0.72
,0.74
,0.78
,0.76
,0.82
,0.9
,0.87
,0.94
,1.11
,0.85
,1
,1.15
,1.5
,1.41
,1.42
,1.48
,1.47
,1.43
,1.64
,1.63
,1.64
,1.58
,1.51
,1.5
,1.5
,1.39
,1.48
,1.49
,1.55
,1.45
,1.44
,1.55
,1.66
,1.65
,1.59
,1.66
,1.71
,2.04
,2.32
,1.98
,2.32
,3.1
,3.15
,2.68
,2.52
,2.39
,2.03
,1.81
,1.59
,1.43
,1.5
,1.57
,1.64
,0.82
,0.79
,0.76
,0.7
,0.6
,0.49
,0.44
,0.42
,0.44
,0.54
,0.69
,0.7
,0.82
,0.79
,0.77
,0.74
,0.71
,0.65
,0.58
,0.58
,0.6
,0.64
,0.66
,0.68
,0.66
,0.66
,0.69
,0.72
,0.76
,0.78
,0.79
,0.9
,0.94
,0.94
,0.94
,0.77
,0.65
,0.57
,0.61
,0.71
,0.98
,0.97
,0.96
,1.03
,1.09
,1.13
,1.36
,1.72
,1.67
,1.85
,1.73
,1.58
,1.42
,1.305
,1.19
,1.23
,1.34
,1.23
,1.25
,1.29
,1.33
,1.34
,1.35
,1.37
,1.35
,1.32
,1.32
,1.33
,1.39
,1.37
,1.42
,1.45
,1.49
,1.49
,1.49
,1.51
,1.48
,1.49
,1.49
,1.49
,1.49
,1.68
,1.94
,1.91
,1.59
,1.33
,1.01
,1
,1.01
,1.09
,1.09
,1.24
,1.37
,1.563333333
,1.756666667
,1.95
,1.23
,1.2
,1.19
,1.18
,1.13
,1.1
,1.12
,1.11
,1.1
,1.09
,1.06
,1.06
,1.08
,1.06
,1.06
,1.06
,1.08
,1.11
,1.06
,1.01
,0.97
,0.97
,0.96
,0.95
,0.95
,0.96
,0.94
,0.96
,1.04
,1.09
,1.12
,1.15
,1.26
,1.12
,0.98
,0.95
,0.97
,1.02
,1.1
,1.31
,1.5
,1.84
,2.07
,1.68
,1.55
,1.34
,1.33
,1.37
,1.47
,1.51
,1.53
,1.74
,1.75
,1.67
,1.59
,1.47
,1.48
,1.42
,1.57
,1.74
,1.67
,1.43
,1.15
,1.11
,1.1
,1.1
,1.17
,1.16
,1.15
,1.17
,1.26
,1.28
,1.23
,1.11
,0.96
,0.88
,0.81
,0.78
,1.06
,0.92
,0.87
,0.85
,1
,1.11
,0.77
,0.77
,0.82
,0.81
,0.74
,0.66
,0.63
,0.6
,0.52
,0.733333333
,0.946666667
,1.16
,0.39
,0.38
,0.38
,0.39
,0.38
,0.37
,0.27
,0.21
,0.24
,0.24
,0.23
,0.22
,0.24
,0.22
,0.19
,0.22
,0.24
,0.19
,0.17
,0.16
,0.15
,0.16
,0.18
,0.16
,0.17
,0.19
,0.18
,0.19
,0.23
,0.23
,0.27
,0.37
,0.52
,0.87
,1.11
,1.05
,1.24
,1.29
,1.35
,1.08
,0.92
,0.93
,0.86
,0.89
,0.88
,0.95
,1
,1.08
,1.52
,1.16
,1.39
,1.55
,1.34
,1.615
,1.89
,1.65
,1.76
,1.64
,1.48
,1.6
,1.65
,1.71
,1.8
,1.58
,1.58
,1.65
,1.73
,1.61
,1.52
,1.48
,1.51
,1.69
,1.77
,1.82
,1.73
,1.67
,1.51
,1.51
,1.49
,1.51
,1.58
,1.82
,1.94
,1.63
,1.61
,1.77
,1.76
,1.45
,1.37
,1.36
,1.52
,1.48
,1.25
,1.333333333
,1.416666667
,1.5
,0.76
,0.73
,0.72
,0.72
,0.71
,0.71
,0.72
,0.71
,0.72
,0.78
,0.79
,0.79
,0.8
,0.81
,0.84
,0.81
,0.78
,0.78
,0.78
,0.76
,0.73
,0.73
,0.8
,0.79
,0.77
,0.7
,0.64
,0.65
,0.66
,0.64
,0.66
,0.65
,0.65
,0.76
,0.85
,0.71
,0.85
,0.95
,1.04
,1.08
,1.19
,1.23
,1.17
,1.17
,1.29
,1.6
,1.39
,1.29
,1.36
,1.34
,1.56
,1.45
,1.21
,1.6
,1.99
,1.79
,1.71
,1.79
,1.73
,1.77
,1.69
,1.77
,1.64
,1.55
,1.61
,1.67
,1.63
,1.45
,1.53
,1.52
,1.45
,1.44
,1.49
,1.68
,1.8
,1.69
,1.72
,1.57
,1.52
,1.47
,1.43
,1.52
,1.75
,1.89
,2.13
,1.94
,1.9
,1.94
,2.21
,2.16
,1.85
,1.77
,1.58
,1.726666667
,1.873333333
,2.02
,1.29
,1.23
,1.13
,1.05
,1
,1.01
,1
,1
,0.98
,0.97
,1.01
,1
,0.98
,1.01
,1
,0.98
,0.97
,0.98
,0.96
,0.94
,0.95
,0.96
,1.01
,1.03
,1.12
,1.11
,1.08
,0.94
,0.98
,1.06
,1.12
,1.27
,1.92
,1.59
,1.03
,1.01
,1.02
,1.23
,1.2
,1.21
,1.28
,1.2
,1.13
,1.2
,1.35
,1.42
,1.81
,1.66
,1.64
,1.6
,1.61
,1.79
,2.22
,1.905
,1.59
,1.42
,1.36
,1.4
,1.36
,1.37
,1.67
,1.73
,1.61
,2.1
,2.04
,1.71
,1.59
,1.51
,1.44
,1.45
,1.58
,1.35
,1.48
,1.53
,1.58
,1.52
,1.4
,1.31
,1.23
,1.23
,1.19
,1.31
,1.75
,1.6
,1.32
,1.11
,0.98
,1.03
,1.12
,1.24
,1.26
,1.19
,1.12
,1.33
,1.54
,1.75
,0.95
,0.89
,0.88
,0.88
,0.87
,0.84
,0.81
,0.81
,0.79
,0.8
,0.84
,0.85
,0.85
,0.86
,0.86
,0.86
,0.84
,0.79
,0.77
,0.76
,0.74
,0.74
,0.76
,0.78
,0.97
,0.98
,1.02
,1.04
,1.13
,1.25
,1.32
,1.34
,1.18
,0.95
,0.93
,0.92
,0.92
,0.86
,0.89
,1
,1.08
,1.18
,1.12
,1.05
,1
,1.2
,1.36
,1.34
,1.39
,1.44
,1.29
,1.34
,1.37
,1.355
,1.34
,1.28
,1.24
,1.25
,1.35
,1.36
,1.4
,1.4
,1.41
,1.5
,1.55
,1.49
,1.58
,1.65
,1.55
,1.42
,1.01
,1.06
,1.13
,1.21
,1.12
,1.09
,1.16
,1.17
,1.33
,1.35
,1.21
,1.06
,0.92
,0.97
,0.92
,0.84
,0.87
,0.92
,0.93
,1
,1.33
,1.19
,0.77
,0.913333333
,1.056666667
,1.2
,0.45
,0.4
,0.38
,0.37
,0.35
,0.33
,0.27
,0.26
,0.21
,0.17
,0.15
,0.16
,0.24
,0.24
,0.24
,0.25
,0.33
,0.38
,0.38
,0.38
,0.39
,0.38
,0.38
,0.38
,0.4
,0.41
,0.42
,0.44
,0.5
,0.76
,0.78
,0.71
,0.73
,0.84
,0.96
,1.18
,1.17
,1.1
,1.05
,1.04
,1.24
,1.17
,1.17
,1.24
,1.31
,1.5
,1.69
,1.81
,1.61
,1.52
,1.45
,1.37
,1.39
,1.28
,1.17
,1.12
,1.19
,1.29
,1.29
,1.26
,1.32
,1.25
,1.35
,1.36
,1.52
,1.61
,1.67
,1.73
,1.74
,1.71
,1.73
,1.85
,1.99
,1.96
,1.92
,1.95
,1.91
,1.73
,1.58
,1.51
,1.5
,1.52
,1.72
,1.76
,1.81
,1.52
,1.34
,1.4
,1.53
,1.43
,1.34
,1.33
,1.29
,1.506666667
,1.723333333
,1.94
,1.19
,1.16
,1.12
,1.1
,1.01
,0.96
,0.95
,0.94
,0.95
,0.95
,0.93
,0.95
,0.97
,0.94
,0.9
,0.93
,0.94
,0.93
,0.92
,0.92
,0.93
,0.9
,0.86
,0.88
,0.88
,0.89
,0.89
,0.89
,0.9
,0.93
,0.95
,0.98
,1.01
,0.97
,0.95
,0.98
,0.98
,1.01
,1.01
,1
,1.05
,1.05
,1.05
,1.06
,1.1
,1.06
,1.01
,1.01
,1.03
,1.19
,1.33
,1.31
,1.32
,1.24
,1.16
,1.19
,1.190550459
,1.191100917
,1.191651376
,1.192201835
,1.192752294
,1.193302752
,1.193853211
,1.19440367
,1.194954128
,1.195504587
,1.196055046
,1.196605505
,1.197155963
,1.197706422
,1.198256881
,1.198807339
,1.199357798
,1.199908257
,1.200458716
,1.201009174
,1.201559633
,1.202110092
,1.20266055
,1.203211009
,1.203761468
,1.204311927
,1.204862385
,1.205412844
,1.205963303
,1.206513761
,1.20706422
,1.207614679
,1.208165138
,1.208715596
,1.209266055
,1.209816514
,1.210366972
,1.210917431
,1.21146789
,1.212018349
,1.212568807
,1.213119266
,1.213669725
,1.214220183
,1.214770642
,1.215321101
,1.21587156
,1.216422018
,1.216972477
,1.217522936
,1.218073394
,1.218623853
,1.219174312
,1.219724771
,1.220275229
,1.220825688
,1.221376147
,1.221926606
,1.222477064
,1.223027523
,1.223577982
,1.22412844
,1.224678899
,1.225229358
,1.225779817
,1.226330275
,1.226880734
,1.227431193
,1.227981651
,1.22853211
,1.229082569
,1.229633028
,1.230183486
,1.230733945
,1.231284404
,1.231834862
,1.232385321
,1.23293578
,1.233486239
,1.234036697
,1.234587156
,1.235137615
,1.235688073
,1.236238532
,1.236788991
,1.23733945
,1.237889908
,1.238440367
,1.238990826
,1.239541284
,1.240091743
,1.240642202
,1.241192661
,1.241743119
,1.242293578
,1.242844037
,1.243394495
,1.243944954
,1.244495413
,1.245045872
,1.24559633
,1.246146789
,1.246697248
,1.247247706
,1.247798165
,1.248348624
,1.248899083
,1.249449541
,1.25
,1.17
,1.21
,1.29
,1.37
,1.47
,1.56
,1.61
,1.65
,1.63
,1.87
,2.05
,2.55
,2.16
,1.6
,1.71
,1.57
,1.63
,1.57
,1.51
,1.44
,1.16
,1.09
,1.1
,1.09
,1.343333333
,1.596666666
,1.85
,1.08
,1.03
,1.03
,1.03
,0.93
,0.86
,0.85
,0.86
,0.82
,0.82
,0.84
,0.85
,0.84
,0.86
,0.84
,0.85
,0.87
,0.73
,0.79
,0.81
,0.81
,0.82
,0.8
,0.77
,0.79
,0.88
,0.96
,1
,1.02
,1.05
,1.05
,1.09
,1.18
,1.17
,1.25
,1.26
,1.32
,1.34
,1.28
,1.29
,1.36
,1.27
,1.15
,1.09
,1.15
,1.35
,1.44
,1.49
,1.45
,1.4
,1.41
,1.37
,1.35
,1.51
,1.67
,1.69
,1.67
,1.68
,1.74
,1.81
,1.9
,2.1
,2.1
,2.04
,1.95
,1.9
,1.85
,1.82
,1.76
,1.82
,1.83
,1.98
,1.89
,1.73
,1.71
,1.71
,1.75
,1.84
,1.88
,1.98
,1.91
,2.04
,2.02
,2
,2.07
,1.92
,1.64
,1.57
,1.65
,1.76
,1.88
,1.89
,1.8
,1.94
,2.08
,2.22
,1.48
,1.43
,1.39
,1.35
,1.34
,1.35
,1.39
,1.41
,1.39
,1.31
,1.4
,1.45
,1.33
,1.34
,1.33
,1.34
,1.31
,1.28
,1.27
,1.27
,1.29
,1.29
,1.28
,1.32
,1.34
,1.34
,1.34
,1.39
,1.45
,1.47
,1.66
,1.73
,1.76
,1.73
,1.71
,1.76
,1.98
,1.76
,1.77
,1.84
,1.83
,1.81
,1.84
,1.91
,1.97
,2
,2.03
,2.1
,2.13
,2.13
,2.14
,2.2
,2.22
,1.855
,1.49
,1.43
,1.43
,1.41
,1.4
,1.49
,1.53
,1.6
,1.4
,1.27
,1.2
,1.29
,1.24
,1.19
,1.1
,1.05
,1.04
,1.15
,1.11
,1.16
,1.15
,1.15
,1.15
,1.11
,1.12
,1.19
,1.39
,1.34
,1.32
,1.47
,1.56
,1.75
,1.73
,1.35
,1.1
,0.95
,0.87
,0.84
,0.81
,1.093333333
,1.376666667
,1.66
,0.88
,0.87
,0.87
,0.88
,0.88
,0.88
,0.88
,1.05
,1.03
,0.97
,0.98
,0.97
,0.98
,1
,0.98
,1
,1.05
,1.08
,1.08
,1.1
,1.11
,1.18
,1.21
,1.24
,1.25
,1.24
,1.21
,1.23
,1.24
,1.26
,1.34
,1.29
,1.31
,1.41
,1.57
,1.9
,2.13
,2.31
,2.6
,2.39
,2.42
,2.32
,1.64
,1.52
,1.43
,1.35
,1.34
,1.43
,1.5
,1.51
,1.57
,1.84
,1.89
,1.685
,1.48
,1.51
,1.61
,1.53
,1.33
,1.26
,1.23
,1.36
,1.47
,1.48
,1.42
,1.35
,1.77
,1.99
,1.98
,1.97
,1.97
,2.05
,2
,1.92
,1.75
,1.68
,1.63
,1.58
,1.52
,1.34
,1.2
,1.17
,1.25
,1.28
,1.35
,1.4
,1.34
,1.28
,1.11
,1.12
,1.19
,1.19
,1.19
,1.433333333
,1.676666667
,1.92
,1.1
,1.06
,1.08
,1.1
,1.11
,1.11
,1.11
,1.09
,1.05
,1.04
,1.01
,1
,0.97
,1.08
,1.09
,1.08
,1.08
,1.06
,1.02
,1.03
,1.03
,1.02
,1.02
,1.01
,1.02
,0.97
,1.01
,1.09
,1.09
,1.1
,1.09
,1.15
,1.15
,0.9
,0.95
,0.93
,1.04
,1.09
,1.17
,1.2
,1.25
,1.31
,1.4
,1.42
,1.47
,1.47
,1.45
,1.51
,1.51
,1.5
,1.5
,1.45
,1.45
,1.36
,1.27
,1.27
,1.27
,1.29
,1.31
,1.32
,1.28
,1.35
,1.39
,1.44
,1.44
,1.49
,1.45
,1.44
,1.47
,1.45
,1.43
,1.43
,1.43
,1.44
,1.42
,1.48
,1.51
,1.52
,1.51
,1.49
,1.57
,1.87
,1.84
,1.81
,1.82
,2.12
,2.03
,2.12
,2.42
,2.92
,2.12
,1.66
,1.43
,1.646666667
,1.863333333
,2.08
,1.29
,1.29
,1.25
,1.25
,1.23
,1.21
,1.2
,1.18
,1.19
,1.16
,1.16
,1.12
,1.09
,1.06
,1.06
,1.08
,1.06
,1.05
,1.03
,1.05
,1.06
,1.05
,1.03
,1.05
,1.1
,1.13
,1.17
,1.24
,1.31
,1.35
,1.52
,1.73
,1.85
,2.53
,2.36
,1.8
,1.8
,1.87
,2.04
,1.76
,1.89
,1.94
,1.51
,1.42
,1.47
,1.43
,1.4
,1.39
,1.4
,1.4
,1.43
,1.51
,1.61
,1.58
,1.55
,1.53
,1.85
,1.89
,1.88
,1.87
,1.85
,1.92
,1.94
,1.92
,1.91
,1.91
,1.91
,2.05
,2.14
,2.04
,1.96
,1.91
,1.87
,1.77
,1.6
,1.55
,1.52
,1.47
,1.55
,1.48
,1.55
,1.63
,1.82
,1.6
,1.53
,1.58
,1.76
,1.84
,1.77
,1.72
,1.57
,1.51
,1.5
,1.786666667
,2.073333333
,2.36
,1.57
,1.53
,1.51
,1.5
,1.42
,1.35
,1.36
,1.39
,1.41
,1.41
,1.41
,1.42
,1.42
,1.39
,1.36
,1.35
,1.35
,1.28
,1.24
,1.19
,1.23
,1.2
,1.21
,1.23
,1.19
,1.13
,1.09
,1.1
,1.13
,1.16
,1.16
,1.15
,1.16
,1.23
,1.1
,1.16
,1.19
,1.1
,1.03
,1.27
,1.27
,1.18
,1.2
,1.23
,1.24
,1.24
,1.09
,1.15
,1.23
,1.25
,1.31
,1.33
,1.37
,1.57
,1.77
,1.73
,1.61
,1.6
,1.6
,1.52
,1.51
,1.51
,1.56
,1.6
,1.56
,1.61
,1.59
,1.72
,1.73
,1.75
,1.74
,1.73
,1.67
,1.64
,1.73
,1.74
,1.73
,1.77
,1.82
,1.87
,1.79
,1.79
,1.81
,1.74
,1.72
,1.6
,1.57
,1.55
,1.49
,1.44
,1.4
,1.37
,1.32
,1.533333333
,1.746666667
,1.96
,0.97
,0.64
,0.61
,0.61
,0.6
,0.57
,0.56
,0.54
,0.54
,0.55
,0.55
,0.53
,0.56
,0.66
,0.66
,0.7
,0.7
,0.72
,0.73
,0.7
,0.72
,0.74
,0.71
,0.71
,0.78
,0.63
,0.65
,0.73
,0.81
,0.97
,1.41
,1.53
,1.81
,1.47
,1.26
,1.24
,1.2
,1.02
,1.35
,1.59
,1.19
,1.12
,1.17
,1.28
,1.29
,1.34
,1.33
,1.23
,1.18
,1.2
,1.27
,1.5
,1.45
,1.55
,1.65
,1.57
,1.55
,1.47
,1.48
,1.53
,1.58
,1.63
,1.73
,1.76
,1.76
,1.77
,1.79
,1.87
,2.04
,1.94
,1.91
,1.92
,1.96
,1.89
,1.84
,2.02
,1.96
,1.85
,1.88
,2
,1.83
,1.75
,1.73
,1.74
,1.51
,1.57
,1.53
,1.36
,1.06
,1.09
,1.05
,1.01
,0.88
,1.12
,1.36
,1.6
,0.82
,0.81
,0.81
,0.8
,0.79
,0.74
,0.73
,0.74
,0.77
,0.77
,0.78
,0.77
,0.78
,0.78
,0.72
,0.73
,0.77
,0.8
,0.79
,0.73
,0.73
,0.77
,0.79
,0.74
,0.73
,0.77
,0.74
,0.77
,0.78
,0.77
,0.82
,0.82
,0.92
,0.94
,0.95
,1
,1.23
,1.18
,1.15
,1.1
,0.96
,0.94
,0.92
,1.1
,1.16
,1.16
,1.1
,1.06
,1.05
,1.06
,1.04
,1.06
,1.05
,1.3
,1.55
,1.63
,1.74
,1.87
,1.76
,1.75
,1.81
,1.84
,1.88
,2.05
,2.08
,1.98
,1.9
,1.92
,1.97
,1.91
,1.88
,1.9
,1.89
,1.89
,1.92
,1.96
,2.26
,2.04
,1.98
,2.18
,1.92
,1.92
,1.9
,1.81
,2.07
,1.58
,1.41
,1.37
,1.37
,1.35
,1.26
,1.2
,1.2
,1.44
,1.68
,1.92
,1.17
,1.16
,1.13
,1.11
,1.1
,1.08
,1.05
,1.03
,1.02
,0.95
,0.95
,0.95
,0.93
,0.93
,0.92
,0.88
,0.92
,1.015
,1.11
,1.09
,0.88
,0.6
,0.7
,0.87
,0.87
,0.86
,1.0775
,1.295
,1.5125
,1.73
,1.76
,2.08
,1.97
,1.91
,1.94
,1.97
,1.97
,1.67
,1.36
,1.59
,1.65
,1.44
,1.37
,1.32
,1.4
,1.59
,1.53
,1.74
,2.19
,1.79
,1.6
,1.48
,1.4
,1.375
,1.35
,1.39
,1.45
,1.56
,1.55
,1.53
,1.51
,1.6
,1.58
,1.79
,1.16
,0.93
,0.97
,1.01
,0.97
,1.12
,1.23
,1.28
,1.36
,1.2
,0.97
,0.77
,0.87
,0.95
,1.15
,1.53
,1.94
,1.64
,1.44
,1.43
,1.23
,1.32
,1.05
,1.05
,1.1
,1.05
,0.89
,0.89
,0.89
,1.143333333
,1.396666666
,1.65
,0.79
,0.79
,0.8
,0.81
,0.7
,0.57
,0.84
,0.82
,0.81
,0.76
,0.61
,0.61
,0.6
,0.74
,0.9
,0.93
,0.93
,0.9
,0.93
,0.93
,0.92
,0.9
,0.94
,0.9
,0.88
,0.86
,0.86
,0.88
,0.95
,0.96
,1.03
,0.98
,1
,1.01
,1.26
,1.56
,1.75
,1.61
,1.4
,1.41
,1.36
,1.44
,1.34
,1.36
,1.44
,1.52
,2.11
,2.13
,2.43
,2.38
,2.22
,2.07
,1.96
,2.085
,2.21
,2.27
,2.13
,2.08
,1.96
,1.89
,1.82
,1.81
,1.79
,1.85
,1.89
,1.85
,1.81
,1.82
,1.84
,1.77
,1.82
,1.89
,1.92
,1.87
,1.88
,1.88
,1.92
,1.74
,1.67
,1.74
,1.95
,1.94
,1.83
,1.8
,1.52
,1.6
,1.76
,1.71
,1.51
,1.23
,1.17
,1.13
,1.21
,1.366666667
,1.523333333
,1.68
,0.93
,0.95
,0.96
,0.96
,0.95
,0.95
,0.97
,1
,1.01
,1.02
,1.03
,1.04
,1.03
,1.03
,1.04
,1.04
,1.03
,1.05
,1.1
,1.08
,1.05
,1.08
,1.13
,1.15
,1.11
,1.12
,1.13
,1.08
,1.11
,1.53
,1.65
,1.59
,1.56
,1.56
,2.07
,2.29
,2.42
,2.71
,1.53
,1.37
,1.18
,1.17
,1.5
,1.34
,1.16
,1.15
,1.09
,1.03
,1.1
,1.1
,0.94
,0.95
,1.2
,1.61
,2.02
,1.9
,1.81
,1.81
,1.57
,1.5
,1.53
,1.45
,1.36
,1.37
,1.33
,1.25
,1.28
,1.32
,1.32
,1.34
,1.31
,1.33
,1.34
,1.35
,1.42
,1.43
,1.6
,1.73
,1.76
,1.95
,1.98
,2.24
,2.94
,2.97
,2.28
,2.34
,2.6
,3.5
,2.74
,2.04
,1.74
,1.65
,1.63
,1.926666667
,2.223333333
,2.52
,1.68
,1.65
,1.64
,1.65
,1.64
,1.6
,1.6
,1.65
,1.84
,1.83
,1.79
,1.72
,1.66
,1.75
,1.76
,1.81
,1.81
,1.83
,1.76
,1.76
,1.75
,1.75
,1.68
,1.69
,1.66
,1.66
,1.64
,1.68
,1.69
,1.61
,1.6
,1.56
,1.57
,1.64
,1.9
,1.98
,1.87
,1.87
,1.79
,1.82
,1.82
,1.8
,1.75
,1.66
,1.58
,1.53
,1.51
,1.55
,1.51
,1.57
,1.59
,1.49
,1.44
,1.51
,1.58
,1.61
,1.64
,1.64
,1.64
,1.61
,1.58
,1.57
,1.88
,2.08
,2.12
,2.11
,2.08
,2.12
,2.13
,2.11
,2.08
,2.11
,2.08
,2.1
,2.16
,2.2
,2.39
,2.45
,2.43
,2.84
,2.77
,2.84
,2.71
,2.39
,2.4
,2.69
,2.5
,2.53
,2.56
,2.56
,2.63
,2.5
,2.35
,2.563333333
,2.776666667
,2.99
,2.18
,2.18
,2.19
,2.2
,2.19
,2.16
,2.19
,2.24
,2.27
,2.35
,2.35
,2.34
,2.32
,2.32
,2.35
,2.34
,2.35
,2.37
,2.24
,1.97
,1.92
,1.91
,1.91
,1.91
,1.9
,1.87
,1.85
,1.87
,1.91
,1.91
,1.88
,1.9
,1.9
,1.9
,1.96
,1.97
,2.07
,2.18
,2.16
,2.15
,2.16
,2.3
,2.4
,2.52
,2.32
,2.3
,2.39
,2.42
,2.42
,2.47
,2.46
,2.42
,2.43
,1.99
,1.55
,1.49
,1.49
,1.51
,1.59
,1.5
,1.34
,1.35
,1.57
,1.53
,1.55
,1.56
,1.55
,1.52
,1.51
,1.49
,1.5
,1.6
,1.59
,1.53
,1.57
,1.72
,1.71
,1.68
,1.67
,1.77
,2.26
,2.39
,2.54
,2.53
,2.5
,2.31
,2.29
,1.82
,1.59
,1.55
,1.5
,1.52
,1.5
,1.796666667
,2.093333333
,2.39
,1.58
,1.57
,1.59
,1.72
,1.79
,1.76
,1.72
,1.69
,1.64
,1.68
,1.68
,1.67
,1.66
,1.65
,1.61
,1.63
,1.61
,1.58
,1.65
,1.71
,1.63
,1.56
,1.56
,1.56
,1.52
,1.52
,1.52
,1.55
,1.53
,1.51
,1.5
,1.48
,1.48
,1.5
,1.49
,1.48
,1.45
,1.4
,1.41
,1.45
,1.43
,1.43
,1.42
,1.33
,1.24
,1.25
,1.23
,1.06
,0.7
,0.74
,0.73
,0.73
,0.79
,0.955
,1.12
,1.04
,0.98
,1
,0.98
,1
,1.04
,1.12
,1.33
,1.48
,1.53
,1.49
,1.43
,1.32
,1.31
,1.28
,1.32
,1.19
,1.05
,1.03
,1.04
,1.08
,1.04
,0.96
,0.5
,0.5
,0.55
,0.54
,0.8
,0.58
,0.5
,0.45
,0.54
,0.64
,0.61
,0.33
,0.26
,0.27
,0.24
,0.496666667
,0.753333333
,1.01
,0.4
,0.87
,0.9
,0.89
,0.9
,0.9
,1
,1.03
,0.96
,0.9
,0.8
,0.79
,0.78
,0.77
,0.77
,0.81
,0.95
,0.93
,0.89
,1
,1.1
,1.11
,1.04
,1.03
,1.03
,1
,1.03
,1.06
,1.04
,1.06
,1.06
,1.15
,1.23
,1.72
,1.68
,1.58
,1.75
,1.53
,1.64
,1.59
,1.55
,1.63
,1.04
,0.69
,0.79
,1.19
,1.59
,1.55
,1.49
,1.42
,1.34
,1.48
,1.35
,1.705
,2.06
,1.98
,1.87
,1.92
,1.95
,1.98
,2.04
,1.98
,1.95
,1.92
,1.98
,2
,2.05
,2.08
,2.04
,1.97
,1.92
,2
,2.05
,2.05
,1.99
,1.97
,2.05
,2.23
,2.46
,2.45
,2.43
,2.27
,2.11
,2.05
,2.04
,2.06
,2.03
,1.96
,1.91
,1.95
,1.92
,1.92
,1.91
,2.17
,2.43
,2.69
,1.88
,1.88
,1.88
,1.89
,1.88
,1.88
,1.89
,2
,2
,2.02
,2
,2
,2
,2
,1.99
,1.98
,2
,2
,1.98
,2.02
,2.05
,2.06
,2.05
,2.05
,2.06
,2.06
,2.08
,2.07
,2.06
,2.03
,2.05
,2.02
,2.04
,2.13
,2.1
,2.2
,2.29
,2.2
,2.07
,2.14
,2.13
,2.08
,2.12
,2.63
,2.43
,2.36
,2.34
,2.4
,2.63
,2.92
,2.79
,2.52
,2.37
,2.165
,1.96
,2.08
,2.22
,2.24
,2.06
,2.1
,2.26
,2.53
,2.63
,2.59
,2.58
,2.46
,2.54
,2.58
,2.58
,2.54
,2.42
,2.37
,2.3
,2.14
,2.04
,1.98
,2.04
,2.11
,2.14
,2.13
,2.36
,2.36
,2.26
,2.11
,2.22
,2.47
,2.06
,1.96
,1.95
,1.89
,1.83
,1.88
,1.84
,2.073333333
,2.306666667
,2.54
,1.71
,1.64
,1.61
,1.58
,1.47
,1.42
,1.44
,1.45
,1.47
,1.43
,1.42
,1.41
,1.37
,1.41
,1.4
,1.39
,1.37
,1.34
,1.35
,1.37
,1.37
,1.4
,1.37
,1.39
,1.37
,1.39
,1.37
,1.37
,1.39
,1.41
,1.37
,1.4
,1.44
,1.5
,1.42
,1.41
,1.41
,1.4
,1.4
,1.4
,1.41
,1.42
,1.53
,1.53
,1.49
,1.55
,1.55
,1.53
,1.57
,1.66
,1.73
,1.73
,1.77
,1.975
,2.18
,2.12
,2.1
,2.14
,2.15
,2.14
,2.19
,2.27
,2.22
,2.2
,2.28
,2.23
,2.16
,2.16
,2.2
,2.18
,2.19
,2.19
,2.2
,2.3
,2.42
,2.56
,2.63
,2.74
,2.71
,2.68
,2.5
,2.34
,2.2
,2.12
,2
,2
,2.14
,2.14
,2.12
,2.05
,1.99
,1.95
,1.96
,2.223333333
,2.486666667
,2.75
,1.94
,1.92
,1.91
,1.91
,1.89
,1.83
,1.81
,1.75
,1.73
,1.71
,1.68
,1.65
,1.65
,1.66
,1.66
,1.67
,1.64
,1.64
,1.65
,1.65
,1.66
,1.66
,1.69
,1.69
,1.68
,1.69
,1.69
,1.71
,2.13
,2.13
,2.08
,2.12
,2.14
,2.15
,2.18
,2.27
,2.45
,2.59
,2.64
,2.95
,2.71
,2.63
,2.7
,2.69
,2.77
,2.59
,2.6
,2.67
,2.87
,2.78
,2.77
,2.79
,2.78
,2.5
,2.22
,2.26
,2.29
,2.26
,2.22
,2.23
,2.22
,2.26
,2.29
,2.31
,2.35
,2.29
,2.23
,2.26
,2.31
,2.29
,2.19
,2.06
,2
,2
,1.99
,2.08
,2.23
,2.23
,2.18
,2.43
,2.59
,3.13
,3.11
,3
,2.82
,2.71
,2.32
,2.31
,2.18
,2.18
,2.18
,2.07
,1.99
,2.23
,2.47
,2.71
,1.9
,1.91
,1.94
,1.94
,1.9
,1.91
,1.88
,1.88
,1.85
,1.83
,1.82
,1.81
,1.84
,1.82
,1.82
,1.82
,1.84
,1.85
,1.84
,1.83
,1.84
,1.85
,1.85
,1.91
,1.91
,1.92
,2
,1.99
,2.05
,2.08
,2.22
,2.38
,2.73
,3.37
,3.71
,3.1
,2.61
,2.44
,3.54
,2.35
,2.42
,3.15
,2.77
,2.97
,3.63
,3.69
,3.34
,3.42
,3.46
,3.37
,3.24
,3.14
,3.24
,3.07
,2.9
,2.71
,2.62
,2.16
,1.99
,2
,2
,1.82
,1.77
,1.61
,1.49
,1.61
,1.53
,1.47
,1.43
,1.43
,1.55
,1.59
,1.56
,1.51
,1.51
,1.63
,1.57
,1.65
,1.83
,1.69
,1.66
,1.68
,1.58
,1.44
,1.5
,1.51
,1.41
,1.44
,1.47
,1.41
,1.4
,1.4
,1.4
,1.67
,1.94
,2.21
,1.35
,1.37
,1.37
,1.36
,1.33
,1.26
,1.25
,1.24
,1.24
,1.27
,1.28
,1.28
,1.29
,1.31
,1.29
,1.28
,1.28
,1.28
,1.26
,1.26
,1.28
,1.31
,1.26
,1.27
,1.26
,1.27
,1.29
,1.29
,1.33
,1.36
,1.4
,1.47
,1.49
,1.55
,1.69
,1.74
,1.65
,1.65
,1.66
,1.63
,1.59
,1.61
,1.65
,1.67
,1.97
,2.1
,2.07
,1.97
,2.06
,2.06
,1.94
,1.76
,1.82
,2.325000001
,2.83
,2.86
,2.31
,2.15
,1.99
,1.87
,1.98
,2.14
,2.13
,2.15
,2.15
,2.14
,2.22
,2.36
,2.45
,2.11
,1.9
,1.77
,1.75
,1.82
,1.81
,1.8
,1.81
,1.69
,1.71
,1.68
,1.71
,1.75
,1.75
,1.87
,1.8
,1.74
,1.76
,1.8
,1.82
,1.76
,1.74
,1.74
,1.71
,2.04
,2.37
,2.7
,1.84
,1.79
,1.73
,1.68
,1.65
,1.68
,1.71
,1.67
,1.71
,1.68
,1.72
,1.68
,1.66
,1.66
,1.65
,1.65
,1.65
,1.67
,1.65
,1.65
,1.67
,1.71
,1.73
,1.76
,1.8
,1.83
,1.8
,1.81
,1.85
,1.83
,1.82
,1.8
,1.82
,1.91
,2
,1.94
,1.96
,1.99
,1.98
,1.99
,2.04
,2.04
,2.15
,2.23
,2.19
,2.19
,2.29
,2.31
,2.26
,2.28
,2.43
,2.26
,2.21
,2.08
,1.95
,1.98
,1.99
,2.06
,2.07
,2.04
,2.14
,2.18
,2.18
,2.07
,1.97
,2
,2.05
,2.08
,2.08
,2.11
,2.08
,1.89
,1.89
,1.94
,1.99
,2.04
,2.16
,2.15
,2.12
,2.12
,2.6
,3.07
,3.06
,2.98
,2.92
,2.6
,2.68
,2.615
,2.55
,2.485
,2.42
,2.355
,2.29
,2.225
,2.16
,2.095
,2.03
,1.96
,1.96
,1.92
,1.91
,1.9
,1.83
,1.85
,1.85
,1.82
,1.79
,1.75
,1.8
,1.81
,1.73
,1.74
,1.75
,1.77
,1.75
,1.75
,1.79
,1.73
,1.73
,1.73
,1.73
,1.73
,1.74
,1.75
,1.74
,1.74
,1.77
,1.82
,1.87
,1.85
,1.84
,1.77
,1.95
,1.96
,2.03
,2.04
,2.11
,2.58
,2.51
,2.39
,2.71
,2.58
,2.5
,2.52
,2.44
,2.35
,2.18
,2.22
,2.18
,2.22
,2.26
,2.21
,2.23
,2.32
,2.38
,2.42
,2.54
,2.55
,2.75
,2.82
,2.91
,2.92
,2.85
,2.87
,2.97
,2.86
,2.76
,2.63
,2.45
,2.38
,2.4
,2.4
,2.61
,2.61
,2.76
,2.99
,3.07
,3.53
,3.77
,3.72
,3.35
,2.9
,2.66
,2.42
,2.34
,2.28
,2.22
,2.2
,2.08
,2.31
,2.54
,2.77
,1.97
,1.97
,1.98
,1.97
,1.97
,1.96
,1.97
,1.97
,1.95
,1.97
,1.95
,1.94
,1.95
,1.98
,1.97
,1.98
,1.98
,1.99
,1.96
,1.95
,1.95
,1.98
,2.03
,2.04
,2.06
,1.77
,1.73
,1.79
,1.79
,1.74
,1.73
,1.77
,1.81
,1.94
,1.94
,1.87
,1.82
,1.74
,1.89
,1.85
,1.81
,1.84
,1.96
,1.99
,1.92
,1.92
,1.85
,1.85
,1.84
,1.9
,1.96
,2.05
,2.11
,1.91
,1.71
,1.71
,1.71
,1.83
,1.82
,1.83
,1.84
,1.84
,1.85
,1.85
,1.88
,1.88
,1.9
,1.87
,1.82
,1.77
,1.79
,1.96
,2.08
,2.07
,2.04
,1.98
,1.94
,1.94
,2.03
,1.97
,1.95
,2
,2.07
,2.02
,1.96
,1.88
,1.67
,1.66
,1.6
,1.57
,1.77
,1.74
,1.71
,1.946666667
,2.183333333
,2.42
,1.59
,1.59
,1.6
,1.59
,1.58
,1.53
,1.52
,1.51
,1.48
,1.48
,1.45
,1.47
,1.47
,1.49
,1.49
,1.48
,1.47
,1.47
,1.48
,1.52
,1.55
,1.53
,1.51
,1.49
,1.56
,1.59
,1.61
,1.68
,1.71
,1.77
,1.95
,2.24
,2.28
,2.19
,2.24
,2.48
,2.62
,2.94
,2.31
,2.14
,2.07
,2.1
,2.2
,2.22
,2.28
,2.32
,2.39
,2.42
,2.4
,2.47
,2.47
,2.5
,2.45
,2.055
,1.66
,1.65
,1.63
,1.64
,1.66
,1.66
,1.74
,1.69
,1.69
,1.74
,1.81
,1.97
,1.92
,1.96
,1.98
,2
,2.08
,2.04
,1.98
,2.1
,2.69
,2.55
,2.58
,2.59
,2.51
,2.28
,2.13
,1.96
,1.94
,2.87
,2.47
,3.05
,2.51
,1.9
,1.69
,1.63
,1.41
,1.37
,1.41
,1.65
,1.89
,2.13
,1.39
,1.43
,1.44
,1.45
,1.45
,1.45
,1.44
,1.44
,1.45
,1.45
,1.52
,1.48
,1.47
,1.45
,1.44
,1.48
,1.44
,1.48
,1.48
,1.48
,1.49
,1.51
,1.49
,1.52
,1.55
,1.53
,1.6
,1.63
,1.61
,1.75
,1.75
,1.76
,1.76
,1.75
,1.8
,1.8
,1.77
,1.79
,1.79
,1.81
,1.77
,1.71
,1.63
,1.67
,1.66
,1.56
,1.55
,1.59
,1.61
,1.64
,1.66
,1.66
,1.63
,1.56
,1.49
,1.74
,1.98
,1.98
,1.99
,1.97
,1.98
,1.98
,1.98
,1.97
,1.98
,1.98
,1.98
,1.98
,2.06
,2.12
,2.21
,2.29
,2.21
,2.03
,2.02
,2
,2
,2
,1.99
,1.95
,1.97
,2.05
,2.18
,2.14
,2.16
,2.08
,1.99
,1.98
,1.98
,2
,2.02
,1.99
,1.97
,2.24
,2.51
,2.78
,1.94
,1.92
,1.92
,1.91
,1.89
,1.75
,1.74
,1.73
,1.73
,1.17
,1.11
,1.12
,1.13
,1.18
,1.16
,1.16
,1.34
,1.4
,1.42
,1.43
,1.4
,1.41
,1.43
,1.43
,1.48
,1.52
,1.58
,1.55
,1.48
,1.48
,1.47
,1.45
,1.48
,1.61
,1.58
,1.49
,1.51
,1.63
,1.82
,1.91
,1.87
,1.91
,1.98
,1.92
,1.75
,1.59
,1.51
,1.5
,1.52
,1.5
,1.48
,1.49
,1.5
,1.45
,1.4
,1.41
,1.41
,1.4
,1.39
,1.39
,1.4
,1.4
,1.4
,1.39
,1.39
,1.41
,1.43
,1.4
,1.4
,1.42
,1.47
,1.48
,1.44
,1.58
,1.74
,1.72
,1.66
,1.66
,1.61
,1.53
,1.67
,1.89
,1.76
,1.74
,1.68
,1.65
,1.58
,1.58
,1.56
,1.6
,1.61
,1.58
,1.6
,1.863333333
,2.126666666
,2.39
,1.56
,1.51
,1.51
,1.51
,1.51
,1.51
,1.5
,1.47
,1.45
,1.49
,1.6
,1.59
,1.56
,1.53
,1.51
,1.51
,1.53
,1.5
,1.51
,1.49
,1.48
,1.52
,1.51
,1.56
,1.52
,1.52
,1.51
,1.49
,1.51
,1.48
,1.49
,1.5
,1.51
,1.51
,1.52
,1.53
,1.53
,1.51
,1.52
,1.55
,1.59
,1.79
,1.89
,1.95
,2.04
,2.06
,1.96
,2.06
,2.29
,2.21
,1.97
,1.99
,2.04
,1.94
,1.84
,1.97
,1.85
,1.81
,1.87
,1.82
,1.8
,1.79
,1.75
,1.76
,1.75
,1.76
,1.77
,1.77
,1.87
,1.92
,1.88
,1.76
,1.79
,1.84
,1.83
,1.87
,1.92
,1.99
,1.97
,1.75
,1.61
,1.56
,1.58
,1.64
,1.84
,1.92
,2.12
,2.28
,2.12
,1.63
,1.6
,1.57
,1.5
,1.756666667
,2.013333333
,2.27
,1.41
,1.4
,1.41
,1.4
,1.39
,1.4
,1.37
,1.4
,1.4
,1.41
,1.39
,1.39
,1.36
,1.37
,1.36
,1.37
,1.4
,1.43
,1.41
,1.42
,1.41
,1.42
,1.41
,1.42
,1.43
,1.45
,1.45
,1.47
,1.51
,1.47
,1.4
,1.41
,1.42
,1.49
,1.49
,1.48
,1.48
,1.41
,1.39
,1.41
,1.4
,1.43
,1.51
,1.53
,1.63
,1.97
,2.07
,2.03
,1.94
,1.92
,2.24
,2.23
,2.1
,2
,1.9
,1.97
,1.85
,1.85
,1.95
,2.07
,2.19
,2.18
,1.99
,2.05
,2.03
,1.99
,1.97
,1.97
,1.92
,1.82
,1.76
,1.83
,1.83
,1.85
,2.03
,2.2
,2.19
,2.24
,2.45
,2.78
,2.73
,2.27
,2.11
,2.1
,2.13
,2.05
,2
,1.99
,1.76
,1.68
,1.64
,1.5
,1.48
,1.723333333
,1.966666667
,2.21
,1.39
,1.35
,1.34
,1.33
,1.31
,1.29
,1.27
,1.27
,1.27
,1.2
,1.19
,1.28
,1.36
,1.42
,1.355
,1.29
,1.27
,1.27
,1.24
,1.25
,1.26
,1.28
,1.28
,1.29
,1.28
,1.31
,1.32
,1.33
,1.34
,1.35
,1.34
,1.39
,1.6
,1.87
,2.06
,1.96
,2.23
,2.42
,2.61
,2.66
,2.52
,2.46
,2.42
,2.1
,2.08
,2.74
,2.62
,2.54
,2.98
,2.86
,2.46
,2.42
,2.48
,2.455
,2.43
,2.51
,2.42
,2.15
,1.89
,1.92
,1.79
,1.72
,1.75
,1.95
,1.92
,1.98
,1.96
,1.75
,1.69
,1.68
,1.56
,1.51
,1.52
,1.65
,1.69
,1.59
,1.48
,1.45
,1.69
,1.95
,2.21
,2.3
,1.88
,1.57
,1.56
,1.64
,1.63
,1.53
,1.59
,1.55
,1.35
,1.34
,1.39
,1.663333333
,1.936666667
,2.21
,1.39
,1.39
,1.4
,1.4
,1.37
,1.32
,1.24
,1.21
,1.23
,1.23
,1.23
,1.2
,1.23
,1.24
,1.25
,1.27
,1.26
,1.21
,1.19
,1.19
,1.2
,1.23
,1.23
,1.21
,1.25
,1.25
,1.21
,1.19
,1.21
,1.23
,1.25
,1.28
,1.32
,1.34
,1.32
,1.34
,1.29
,1.31
,1.32
,1.34
,1.31
,1.27
,1.27
,1.23
,1.24
,1.26
,1.26
,1.27
,1.42
,1.55
,1.56
,1.56
,1.57
,1.565
,1.56
,1.55
,1.5
,1.49
,1.49
,1.47
,1.34
,1.27
,1.27
,1.27
,1.31
,1.4
,1.43
,1.42
,1.43
,1.44
,1.45
,1.53
,1.6
,1.59
,1.57
,1.63
,1.66
,1.68
,1.96
,2.11
,2.07
,2.13
,2.39
,1.92
,1.57
,1.56
,1.52
,1.48
,1.49
,1.49
,1.48
,1.5
,1.5
,1.756666667
,2.013333333
,2.27
,1.43
,1.42
,1.42
,1.6
,1.65
,1.64
,1.61
,1.59
,1.59
,1.59
,1.58
,1.56
,1.53
,1.57
,1.57
,1.58
,1.58
,1.63
,1.63
,1.65
,1.64
,1.68
,1.67
,1.63
,1.63
,1.64
,1.71
,1.68
,1.69
,1.74
,1.75
,1.82
,2
,2.1
,1.97
,2.7
,2.74
,2.53
,2.84
,2.18
,1.97
,1.88
,1.81
,1.91
,2.28
,2.39
,2.34
,2.35
,2.46
,2.52
,2.52
,2.47
,2.45
,2.3
,2.15
,2.22
,2.18
,2.18
,2.02
,2
,2.06
,2.1
,2.3
,2.35
,2.32
,2.22
,2.22
,2.16
,2.04
,2
,2.43
,2.43
,2.42
,2.37
,2.43
,2.47
,2.71
,2.68
,2.66
,2.56
,3
,2.74
,2.2
,2.27
,2.47
,2.63
,2.51
,2.08
,2.1
,2.27
,2.67
,2.54
,2.43
,2.603333333
,2.776666666
,2.95
,2.11
,2.1
,2.11
,2.11
,2.1
,2.08
,2.08
,2.08
,2.08
,2.08
,2.08
,2.08
,2.1
,2.13
,2.07
,2.28
,2.28
,2.29
,2.2
,2.05
,2.05
,2.02
,1.97
,1.97
,1.99
,1.99
,1.99
,2
,2.04
,2.05
,2.06
,2.11
,2.12
,2.13
,2.14
,2.18
,2.31
,2.43
,2.47
,2.38
,2.4
,2.46
,2.44
,2.5
,2.89
,3.08
,2.35
,2.14
,2.38
,2.54
,2.39
,2.53
,2.31
,2.145
,1.98
,2.05
,1.98
,1.87
,1.97
,2.16
,2.2
,2.12
,1.96
,1.87
,1.69
,1.6
,1.66
,1.67
,1.66
,1.83
,1.85
,1.84
,1.75
,1.75
,1.81
,2.11
,2.02
,1.9
,1.89
,1.83
,1.83
,1.69
,1.72
,1.79
,1.91
,2.08
,2.22
,2.21
,2.22
,2.06
,1.72
,1.44
,1.36
,1.633333333
,1.906666667
,2.18
,1.42
,1.41
,1.41
,1.4
,1.37
,1.35
,1.35
,1.34
,1.33
,1.31
,1.19
,1.17
,1.13
,1.16
,1.17
,1.18
,1.21
,1.23
,1.1
,1.05
,0.95
,0.93
,0.92
,0.94
,0.96
,0.9
,0.94
,0.98
,0.96
,0.93
,0.94
,0.96
,0.96
,0.95
,1.05
,1.13
,1.21
,1.17
,1.13
,1.04
,0.96
,0.95
,0.92
,0.87
,0.89
,0.88
,0.87
,0.93
,0.96
,0.98
,0.98
,0.98
,1.01
,1.38
,1.75
,1.67
,1.64
,1.63
,1.72
,1.82
,1.8
,1.79
,1.89
,1.99
,1.99
,2.29
,2.03
,2.08
,2.12
,2.1
,2.21
,2.26
,2.18
,2.16
,2.26
,2.24
,2.26
,2.21
,2.22
,2.37
,2.36
,2.3
,2.28
,2.34
,2.47
,2.44
,2.26
,2.18
,2.21
,2.23
,2.26
,2.11
,1.98
,2.146666667
,2.313333333
,2.48
,1.73
,1.72
,1.71
,1.71
,1.67
,1.58
,1.48
,1.45
,1.47
,1.47
,1.49
,1.53
,1.81
,2
,1.99
,1.81
,1.6
,1.57
,1.51
,1.55
,1.52
,1.49
,1.5
,1.48
,1.48
,1.45
,1.41
,1.41
,1.41
,1.44
,1.57
,1.83
,1.99
,1.82
,1.92
,2.13
,2.62
,2.06
,2.84
,3.33
,2.14
,1.71
,2.52
,2.46
,2.05
,2.26
,1.83
,1.72
,1.99
,1.97
,2.03
,2
,2.02
,2.03
,2.04
,1.87
,1.89
,1.83
,1.83
,1.9
,1.89
,1.82
,1.82
,1.76
,1.73
,1.67
,1.59
,1.64
,1.77
,1.77
,1.53
,1.55
,1.45
,1.47
,1.35
,1.35
,1.48
,1.48
,1.49
,1.91
,1.96
,1.67
,1.44
,1.29
,1.25
,1.19
,1.19
,1.16
,1.18
,1.11
,0.98
,1.09
,0.94
,1.223333333
,1.506666667
,1.79
,0.89
,0.84
,0.8
,0.76
,0.7
,0.66
,0.64
,0.52
,0.5
,0.52
,0.49
,0.48
,0.47
,0.48
,0.5
,0.46
,0.47
,0.49
,0.48
,0.49
,0.46
,0.47
,0.48
,0.48
,0.46
,0.46
,0.58
,0.66
,0.71
,0.8
,0.8
,0.82
,0.86
,0.88
,1.04
,0.87
,0.89
,0.93
,1.01
,0.96
,0.87
,1.06
,1.1
,1.19
,1.21
,1.23
,1.21
,1.19
,1.33
,1.31
,1.23
,1.23
,1.27
,1.535
,1.8
,1.73
,1.71
,1.68
,1.76
,1.79
,1.89
,1.95
,1.99
,2.1
,2.06
,1.96
,1.96
,1.98
,2.03
,1.87
,1.67
,1.83
,1.84
,1.89
,1.85
,1.79
,1.76
,1.76
,1.79
,1.77
,1.56
,1.53
,1.57
,1.55
,1.55
,1.44
,1.37
,1.33
,1.26
,1.29
,1.31
,1.29
,1.31
,1.523333333
,1.736666667
,1.95
,1.15
,1.12
,1.11
,1.09
,1.09
,1.08
,1.05
,1.05
,1.04
,1.03
,1.04
,1.04
,1.03
,1.01
,0.84
,0.73
,0.69
,0.68
,0.7
,0.72
,0.68
,0.66
,0.66
,0.69
,0.66
,0.65
,0.64
,0.65
,0.7
,0.7
,0.71
,0.74
,0.76
,0.84
,0.98
,1.2
,1.37
,1.35
,1.33
,1.2
,1.08
,0.84
,0.7
,0.69
,0.69
,0.69
,0.62
,0.58
,0.57
,0.56
,0.7
,0.86
,1.06
,1.45
,1.84
,1.77
,1.75
,1.79
,2.13
,2.15
,2.12
,2.14
,2.03
,1.9
,2.03
,1.96
,1.99
,2.06
,2.26
,2.35
,2.29
,2.12
,2.1
,2.1
,2.18
,2.04
,2.08
,1.99
,1.97
,1.97
,1.97
,2.37
,2.79
,2.73
,2.11
,1.98
,1.95
,1.89
,1.81
,1.79
,1.74
,1.71
,1.69
,1.7
,1.71
,1.72
,0.97
,0.96
,0.95
,0.94
,0.92
,0.87
,0.85
,0.84
,0.84
,0.84
,0.85
,0.85
,0.85
,0.84
,0.85
,0.85
,0.86
,0.84
,0.85
,0.86
,0.85
,0.84
,0.87
,0.86
,0.87
,0.84
,0.85
,0.86
,0.87
,0.87
,0.87
,0.88
,0.96
,1.34
,1.56
,1.59
,1.56
,1.53
,1.58
,1.74
,1.69
,2.03
,2.12
,2.14
,2.16
,2.13
,2.1
,2.27
,1.87
,2.21
,2.29
,2.11
,2.05
,1.85
,1.65
,1.66
,1.77
,1.55
,1.39
,1.47
,1.47
,1.35
,1.64
,1.58
,1.52
,1.59
,1.73
,1.8
,1.56
,1.58
,1.65
,1.6
,1.59
,1.69
,1.87
,1.83
,1.83
,1.83
,1.97
,1.82
,1.63
,1.71
,1.74
,1.76
,1.81
,1.74
,1.64
,1.67
,1.64
,1.57
,1.44
,1.21
,1.11
,1.39
,1.67
,1.95
,1.11
,1.06
,1.03
,0.98
,0.9
,0.85
,0.74
,0.7
,0.66
,0.62
,0.54
,0.54
,0.56
,0.58
,0.57
,0.6
,0.61
,0.6
,0.58
,0.62
,0.61
,0.61
,0.58
,0.58
,0.6
,0.57
,0.58
,0.58
,0.61
,0.62
,0.69
,0.76
,0.81
,0.97
,0.97
,1.02
,1.13
,1.6
,1.36
,1.56
,1.56
,1.53
,1.4
,1.31
,1.45
,1.28
,1.34
,1.75
,1.96
,1.98
,1.68
,1.48
,1.58
,1.655
,1.73
,1.77
,1.45
,1.33
,1.24
,1.16
,1.11
,1.16
,1.2
,1.11
,1.11
,1.12
,1.28
,1.27
,1.27
,1.26
,1.23
,1.24
,1.21
,1.18
,1.19
,1.23
,1.29
,1.37
,1.47
,1.67
,2.06
,2.35
,2.12
,1.36
,0.95
,1.04
,1.35
,1.35
,1.37
,1.29
,1.26
,1.25
,1.23
,1.453333333
,1.676666666
,1.9
,1.03
,0.97
,0.93
,0.88
,0.78
,0.74
,0.71
,0.68
,0.7
,0.74
,0.74
,0.74
,0.68
,0.62
,0.61
,0.77
,0.82
,0.79
,0.79
,0.84
,0.87
,0.88
,0.89
,0.92
,0.95
,0.94
,0.89
,0.94
,0.9
,0.94
,1.02
,0.97
,0.94
,0.97
,1.03
,1.11
,1.44
,1.58
,1.28
,1.2
,1.25
,1.39
,1.42
,1.68
,1.96
,1.98
,2.36
,2.28
,2.62
,2.38
,1.88
,1.91
,1.77
,1.895
,2.02
,1.95
,1.96
,1.88
,2.02
,2.12
,2.15
,2.19
,2.19
,2.22
,2.23
,2.27
,2.24
,2.08
,2.06
,2.04
,2.07
,2.02
,1.85
,1.85
,1.88
,1.99
,2.11
,2.1
,2.24
,2.39
,2.06
,2.04
,1.9
,1.83
,1.96
,1.97
,1.63
,1.64
,1.69
,1.69
,1.77
,1.83
,1.8
,1.94
,2.08
,2.22
,1.33
,1.26
,1.05
,0.993333333
,0.936666667
,0.88
,0.823333333
,0.766666667
,0.71
,0.653333333
,0.596666667
,0.54
,0.483333333
,0.426666667
,0.37
,0.48
,0.61
,0.63
,0.53
,0.5
,0.71
,0.77
,0.78
,0.78
,0.77
,0.76
,0.77
,0.76
,0.8
,0.81
,0.8
,0.81
,0.84
,0.86
,0.81
,0.97
,0.96
,0.86
,0.87
,0.97
,1.04
,1.11
,1.11
,1.12
,1.25
,1.45
,1.53
,1.57
,1.61
,1.63
,1.99
,2.07
,2.2
,2.445
,2.69
,2.64
,2.63
,2.6
,2.51
,2.43
,2.45
,2.39
,2.14
,2.21
,2.48
,2.55
,2.56
,2.58
,2.89
,2.52
,2.55
,2.59
,2.53
,2.53
,2.83
,2.76
,2.74
,2.79
,2.73
,2.73
,2.66
,2.39
,2.39
,2.32
,2.23
,2.18
,2.1
,1.96
,1.82
,1.65
,1.68
,1.76
,1.75
,1.963333333
,2.176666667
,2.39
,1.59
,1.58
,1.57
,1.56
,1.53
,1.52
,1.49
,1.47
,1.56
,1.58
,1.58
,1.59
,1.59
,1.6
,1.6
,1.52
,0.92
,0.92
,0.95
,0.93
,0.95
,0.96
,1
,1.02
,1.02
,1.03
,1.05
,1.05
,1.13
,1.18
,1.21
,1.45
,1.37
,1.42
,1.33
,1.25
,1.35
,1.35
,1.28
,1.32
,1.33
,1.5
,1.73
,1.49
,1.34
,1.32
,1.29
,1.58
,2.27
,2.03
,1.87
,1.73
,1.59
,1.765
,1.94
,1.99
,2.04
,1.64
,1.53
,1.57
,1.61
,1.63
,1.76
,1.68
,1.76
,1.98
,2.02
,1.91
,1.89
,1.9
,1.88
,1.88
,1.85
,1.84
,1.87
,1.92
,1.9
,1.91
,1.96
,1.99
,1.96
,1.98
,2.21
,2.27
,2.3
,2.04
,1.85
,1.84
,1.81
,1.81
,1.69
,1.64
,1.67
,1.963333333
,2.256666667
,2.55
,1.71
,1.68
,1.71
,1.74
,1.74
,1.76
,1.75
,1.72
,1.71
,1.68
,1.64
,1.6
,1.89
,0.79
,0.23
,1.105
,1.98
,2.15
,2.14
,2.12
,2.14
,1.94
,1.74
,1.65
,1.65
,1.71
,1.76
,1.79
,1.81
,1.8
,1.82
,1.88
,2.4
,3.17
,2.73
,2.86
,3.78
,3.45
,3.06
,2.77
,3.14
,3.53
,3.56
,3.09
,3.09
,3.27
,1.9
,1.24
,1.17
,1.55
,1.82
,2.02
,1.88
,2.18
,2.48
,2.47
,2.67
,2.64
,2.79
,2.82
,3.02
,3.45
,4
,3.48
,2.95
,3.16
,3.25
,3.02
,2.92
,2.94
,2.94
,2.92
,2.94
,2.78
,2.7
,2.7
,2.68
,3.17
,3.09
,2.92
,2.6
,2.31
,2.37
,2.32
,1.92
,1.985
,2.05
,1.84
,1.85
,1.82
,1.77
,1.79
,1.81
,2.106666666
,2.403333333
,2.7
,1.88
,1.89
,1.89
,1.88
,1.89
,1.9
,1.94
,1.97
,1.96
,1.85
,1.9
,1.89
,1.83
,1.77
,1.68
,1.79
,1.71
,1.63
,1.58
,1.5
,1.5
,1.5
,1.49
,1.49
,1.48
,1.51
,1.58
,1.565
,1.55
,1.58
,1.47
,1.69
,1.77
,2.3
,2.07
,2.85
,2.22
,2.16
,1.81
,1.69
,1.95
,2.15
,1.92
,1.98
,1.98
,1.97
,2.84
,2.37
,2.14
,2.38
,2.36
,2.53
,2.66
,2.445
,2.23
,1.98
,1.95
,1.96
,2.04
,2.06
,2.05
,1.97
,1.94
,1.92
,1.85
,1.83
,1.83
,1.84
,1.92
,2.06
,2.07
,2.22
,2.21
,2.28
,2.38
,2.45
,2.37
,2.82
,2.51
,1.96
,2.44
,2.69
,2.69
,2.52
,2.44
,2.14
,1.67
,1.33
,1.17
,1.05
,1.03
,0.93
,0.82
,1.053333333
,1.286666667
,1.52
,0.71
,0.68
,0.65
,0.64
,0.62
,0.6
,0.61
,0.61
,0.6
,0.58
,0.58
,0.47
,0.45
,0.46
,0.5
,0.5
,0.52
,0.52
,0.48
,0.52
,0.5
,0.56
,0.8
,0.81
,0.82
,0.82
,0.84
,0.81
,0.88
,0.92
,1.1
,1.13
,1.18
,1.31
,1.31
,1.99
,2.16
,2.15
,2.31
,2.23
,1.94
,1.57
,1.57
,1.57
,1.82
,1.82
,1.83
,1.83
,1.99
,2.19
,1.94
,1.84
,1.81
,2.165
,2.52
,2.46
,2.53
,2.37
,2.36
,2.45
,2.36
,2.24
,2.2
,2.27
,2.04
,1.9
,1.94
,2.05
,1.88
,1.87
,1.85
,1.92
,1.96
,2.06
,2.11
,2.23
,2.24
,2.06
,2.35
,2.5
,2.89
,2.83
,2.14
,1.75
,1.74
,1.92
,2.2
,2.15
,2.08
,1.94
,1.68
,1.55
,1.44
,1.7
,1.96
,2.22
,1.37
,1.36
,1.36
,1.33
,1.19
,1.18
,1.08
,1.06
,1.04
,1.05
,1.09
,1.09
,1.05
,1.04
,1.05
,1.05
,1.03
,1.04
,1.05
,1.12
,0.97
,0.95
,1.04
,1.05
,1.05
,1.06
,1.08
,1.12
,1.13
,1.16
,1.18
,1.19
,1.2
,1.32
,1.89
,1.85
,1.45
,1.92
,1.59
,1.56
,1.66
,1.74
,1.77
,1.98
,2.06
,1.75
,1.59
,1.74
,1.82
,1.87
,2.23
,2.55
,2.28
,2.51
,2.74
,2.23
,2.02
,1.95
,1.98
,1.87
,1.95
,2.02
,2.05
,2.1
,1.97
,1.88
,1.85
,1.75
,1.68
,1.71
,1.75
,1.79
,1.75
,1.57
,1.52
,1.51
,1.58
,1.68
,1.94
,2.35
,2.71
,2.76
,2.36
,2.28
,2.36
,2.31
,2.13
,1.87
,1.84
,1.9
,1.88
,1.83
,1.72
,2.013333333
,2.306666666
,2.6
,1.76
,1.73
,1.72
,1.71
,1.69
,1.66
,1.66
,1.65
,1.58
,1.58
,1.57
,1.56
,1.57
,1.52
,1.63
,2.1
,2.1
,2.1
,2.06
,2.06
,2.05
,2.05
,2.06
,2.06
,2.05
,2.05
,2.05
,2.06
,2.05
,2.05
,2.08
,2.18
,2.18
,2.21
,2.23
,2.28
,2.31
,2.35
,2.35
,2.37
,2.43
,2.46
,2.39
,2.53
,2.48
,2.34
,2.29
,2.3
,2.27
,2.22
,2.23
,2.23
,2.27
,2.01
,1.75
,1.71
,1.66
,1.65
,1.66
,1.67
,1.66
,1.64
,1.58
,1.6
,1.6
,1.59
,1.59
,1.61
,1.64
,1.64
,1.65
,1.67
,1.75
,1.76
,1.75
,1.83
,1.9
,1.95
,2.18
,2.1
,2.05
,2.02
,2.02
,2.12
,2.16
,2.1
,2.05
,1.97
,1.9
,1.85
,1.72
,1.59
,1.56
,1.84
,2.12
,2.4
,1.58
,1.57
,1.56
,1.53
,1.51
,1.49
,1.48
,1.51
,1.49
,1.49
,1.49
,1.52
,1.56
,1.55
,1.55
,1.59
,1.58
,1.59
,1.6
,1.59
,1.57
,1.55
,1.41
,1.24
,1.25
,1.24
,1.23
,1.21
,1.21
,1.21
,1.24
,1.25
,1.29
,1.61
,1.39
,1.52
,1.56
,1.74
,1.52
,1.13
,1.12
,1.11
,1.09
,1.12
,1.19
,1.19
,1.21
,1.24
,1.42
,1.47
,1.59
,1.61
,1.83
,1.825
,1.82
,1.63
,1.65
,1.73
,1.73
,1.48
,1.11
,1.06
,1.03
,1.02
,1.04
,1.05
,1.06
,1.01
,0.93
,0.9
,0.92
,1
,1.35
,1.39
,1.35
,1.41
,1.57
,1.66
,1.84
,1.96
,1.8
,1.53
,1.63
,1.49
,1.29
,1.34
,1.39
,1.5
,1.66
,1.61
,1.44
,1.28
,1.19
,1.466666667
,1.743333333
,2.02
,1.17
,1.15
,1.13
,1.12
,1.08
,1.08
,1.09
,1.12
,1.04
,0.96
,1.04
,1.13
,1.05
,1.02
,0.95
,0.92
,0.94
,0.93
,0.92
,0.9
,0.89
,0.92
,0.94
,0.93
,0.93
,0.95
,0.97
,0.96
,0.97
,1.09
,1.12
,1.03
,1.04
,1.06
,1.02
,1.58
,1.66
,1.48
,1.48
,1.52
,1.75
,1.42
,1.32
,1.13
,0.98
,0.97
,0.94
,0.93
,0.97
,1.2
,1.32
,1.29
,1.29
,1.52
,1.75
,1.74
,1.76
,1.77
,1.76
,1.77
,1.88
,1.98
,1.98
,1.98
,1.96
,1.95
,1.96
,1.96
,1.95
,1.87
,1.88
,1.89
,1.95
,1.96
,2.04
,2.05
,2.05
,2.22
,2.52
,2.32
,2.39
,2.84
,2.69
,2.36
,2.35
,2.2
,2.14
,2.14
,2.15
,2.14
,2.13
,2.11
,2.12
,2.433333333
,2.746666667
,3.06
,2.24
,2.23
,2.6
,2.95
,2.95
,2.93
,2.93
,2.91
,2.82
,2.84
,2.82
,2.78
,2.78
,2.74
,2.74
,2.74
,2.74
,2.75
,2.74
,2.75
,2.71
,2.71
,2.73
,2.73
,2.71
,2.74
,2.73
,2.74
,2.77
,2.83
,2.97
,3.01
,3.26
,3.23
,3.18
,2.62
,2.61
,2.63
,2.61
,2.63
,2.69
,2.6
,2.59
,2.62
,2.63
,2.59
,2.61
,2.6
,2.58
,2.63
,2.66
,2.75
,2.66
,2.235
,1.81
,1.77
,1.89
,1.97
,2.02
,2.11
,2.11
,2.13
,2.12
,2.07
,2.11
,2.08
,2.04
,2.04
,2.06
,2.04
,2.1
,2.12
,2.1
,2.12
,2.13
,2.11
,2.14
,2.15
,2.39
,2.23
,2.13
,2.13
,1.98
,1.96
,1.94
,1.95
,1.94
,1.95
,1.95
,1.96
,1.95
,1.94
,1.91
,2.153333333
,2.396666666
,2.64
,1.76
,1.79
,1.81
,1.81
,1.72
,1.42
,1.4
,1.36
,1.39
,1.41
,1.48
,1.5
,1.48
,1.47
,1.45
,1.45
,1.45
,1.48
,1.5
,1.49
,1.48
,1.48
,1.64
,1.56
,1.59
,1.58
,1.57
,1.61
,1.63
,1.63
,1.67
,1.65
,1.66
,1.66
,1.61
,1.59
,1.58
,1.59
,1.71
,1.73
,1.75
,1.97
,1.91
,1.89
,1.77
,1.71
,1.24
,1.44
,1.27
,1.1
,1.08
,1.1
,1.11
,1.47
,1.83
,1.84
,1.88
,1.91
,1.89
,1.91
,1.9
,1.87
,1.84
,1.82
,1.81
,1.82
,1.83
,1.82
,1.81
,1.8
,1.81
,1.82
,1.82
,1.83
,1.82
,1.82
,1.82
,1.85
,1.85
,1.9
,1.91
,1.92
,1.89
,1.87
,1.85
,1.85
,1.83
,1.84
,2.44
,2.79
,2.78
,2.77
,2.76
,3.043333333
,3.326666667
,3.61
,2.67
,2.67
,2.68
,2.69
,2.7
,2.7
,2.54
,2.4
,1.85
,1.8
,1.8
,1.79
,1.8
,1.79
,1.77
,1.77
,1.73
,1.74
,1.75
,1.74
,1.75
,1.77
,1.8
,1.77
,1.76
,1.75
,1.31
,1.28
,1.32
,1.33
,1.49
,1.56
,1.59
,1.75
,1.77
,1.77
,1.76
,1.77
,1.84
,2.13
,2.16
,2.19
,2.06
,2.03
,2.05
,2.12
,2.42
,2.19
,2.1
,2.04
,2.04
,2.08
,2.32
,1.794999999
,1.27
,1.29
,1.29
,1.33
,1.33
,1.37
,1.41
,1.37
,1.37
,1.32
,1.37
,1.4
,1.44
,1.45
,1.28
,1.17
,1.17
,1.28
,1.37
,1.44
,1.45
,1.51
,1.59
,2.05
,2.74
,2.74
,2.71
,2.04
,1.5
,1.28
,1.45
,1.61
,1.53
,1.37
,1.21
,1.16
,1.1
,0.97
,0.86
,1.146666667
,1.433333333
,1.72
,0.85
,0.82
,0.82
,0.82
,0.82
,0.82
,0.81
,0.84
,0.8
,0.81
,0.84
,0.82
,0.56
,0.26
,0.24
,0.27
,0.25
,0.24
,0.26
,0.22
,0.19
,0.21
,0.17
,0.18
,0.21
,0.19
,0.23
,0.25
,0.32
,0.35
,0.34
,0.52
,0.6
,0.69
,1.82
,1.92
,1.85
,1.05
,0.94
,0.97
,1.5
,1.64
,1.49
,1.02
,1.06
,1.34
,1.39
,1.35
,1.35
,0.78
,0.74
,0.77
,0.77
,0.575
,0.38
,0.38
,0.38
,0.4
,0.4
,0.37
,0.3
,0.34
,0.35
,0.37
,0.38
,0.42
,0.29
,0.23
,0.25
,0.25
,0.22
,0.22
,0.23
,0.24
,0.24
,0.27
,0.24
,0.23
,0.21
,0.22
,0.23
,0.31
,0.19
,0.18
,0.16
,0.14
,0.15
,0.16
,0.17
,0.15
,0.11
,0.11
,0.33
,0.53
,0.73
,0.93
,0.11
,0.18
,0.17
,0.15
,0.14
,0.13
,0.13
,0.14
,0.1
,0.1
,0.108
,0.116
,0.124
,0.132
,0.14
,0.24
,0.22
,0.19
,0.16
,0.16
,0.17
,0.16
,0.1
,0.11
,0.223333333
,0.336666667
,0.45
,0.44
,0.44
,0.42
,0.46
,0.42
,0.44
,0.46
,0.56
,0.63
,1.12
,0.63
,0.5
,0.52
,0.68
,0.65
,0.68
,0.62
,0.65
,0.84
,0.86
,1
,1.05
,1.35
,1.51
,1.52
,1.15
,1.640000001
,2.13
,2.15
,2.23
,2.39
,2.47
,2.36
,2.37
,2.11
,2.16
,2.16
,2.16
,2.16
,2.16
,2.19
,2.19
,2.2
,2.2
,2.24
,2.3
,2.32
,2.32
,2.3
,2.35
,2.34
,2.13
,2.12
,1.95
,1.89
,1.89
,1.6
,1.56
,1.5
,1.48
,1.44
,1.28
,1.23
,1.2
,1.2
,1.16
,1.413333333
,1.666666667
,1.92
,1.09
,1.08
,1.05
,1.05
,1.04
,1.02
,1.01
,1.02
,1.01
,0.98
,0.96
,0.95
,0.97
,0.96
,0.94
,0.94
,0.95
,0.96
,0.9
,0.93
,0.9
,0.94
,0.96
,0.96
,0.94
,0.94
,0.95
,0.96
,0.98
,0.97
,0.72
,0.71
,0.73
,0.79
,0.79
,0.85
,0.74
,0.6
,0.57
,0.56
,0.57
,0.62
,0.62
,0.61
,0.65
,0.62
,0.61
,0.62
,0.61
,0.61
,0.6
,0.57
,0.56
,0.9
,1.24
,1.24
,1.23
,1.24
,1.24
,1.25
,1.23
,1.21
,1.21
,1.19
,1.12
,1.1
,1.1
,1.06
,1.05
,1.06
,1.02
,1.02
,1.01
,1.02
,1.03
,1.01
,1.01
,1.03
,1.04
,1.09
,1.1
,1.17
,1.68
,1.71
,1.6
,1.42
,1.13
,1.11
,1.08
,1.04
,1.03
,1.06
,1.02
,1.026666667
,1.033333333
,1.04
,0.26
,0.39
,0.39
,0.35
,0.33
,0.4
,0.39
,0.35
,0.31
,0.3
,0.3
,0.31
,0.27
,0.27
,0.25
,0.25
,0.24
,0.24
,0.23
,0.24
,0.21
,0.19
,0.24
,0.23
,0.25
,0.25
,0.26
,0.29
,0.31
,0.35
,0.34
,0.34
,0.38
,0.45
,0.42
,0.58
,0.79
,0.66
,0.69
,0.87
,0.62
,0.66
,0.71
,0.7
,0.39
,0.22
,0.24
,0.3
,0.27
,0.16
,0.266
,0.372
,0.478
,0.584
,0.69
,0.62
,0.61
,0.63
,0.63
,0.63
,0.63
,0.63
,0.62
,0.61
,0.61
,0.61
,0.58
,0.37
,0.24
,0.21
,0.22
,0.24
,0.26
,0.25
,0.24
,0.25
,0.26
,0.37
,0.41
,0.49
,0.81
,0.81
,0.81
,0.74
,0.57
,0.63
,0.35
,0.29
,0.27
,0.27
,0.25
,0.25
,0.19
,0.493333333
,0.796666667
,1.1
,0.19
,0.17
,0.17
,0.18
,0.17
,0.15
,0.16
,0.16
,0.18
,0.16
,0.18
,0.14
,0.13
,0.11
,0.114
,0.118
,0.122
,0.126
,0.13
,0.15
,0.136666667
,0.123333333
,0.11
,0.19
,0.16
,0.14
,0.13
,0.16
,0.18
,0.26
,0.3
,0.31
,0.27
,0.26
,0.32
,0.32
,0.31
,0.34
,0.38
,0.39
,0.37
,0.33
,0.7
,0.58
,0.45
,0.44
,0.32
,0.23
,0.24
,0.22
,0.22
,0.21
,0.3
,0.63
,0.96
,0.85
,0.79
,0.79
,0.79
,0.82
,0.86
,0.85
,0.8
,0.72
,0.64
,0.65
,0.7
,0.7
,0.7
,0.71
,0.69
,0.66
,0.65
,0.66
,0.68
,0.69
,0.74
,0.79
,0.76
,0.84
,0.86
,0.86
,0.74
,0.74
,0.76
,0.86
,0.81
,0.79
,0.8
,0.81
,0.8
,0.76
,0.7
,0.99
,1.28
,1.57
,0.66
,0.65
,0.65
,0.65
,0.65
,0.64
,0.62
,0.62
,0.6
,0.58
,0.58
,0.57
,0.54
,0.53
,0.55
,0.57
,0.57
,0.6
,0.56
,0.55
,0.6
,0.6
,0.6
,0.62
,0.65
,0.7
,0.69
,0.69
,0.72
,0.79
,0.88
,0.87
,0.79
,0.72
,0.68
,0.71
,0.68
,0.65
,0.65
,0.57
,0.58
,0.61
,0.6
,0.6
,0.61
,0.68
,0.69
,0.72
,0.72
,0.63
,0.57
,0.58
,0.58
,0.580000134
