From,NOX (ppb)
01/02/2023 00:00,56.2
01/02/2023 00:15,55.1
01/02/2023 00:30,55.2
01/02/2023 00:45,55.7
01/02/2023 01:00,55.8
01/02/2023 01:15,55.9
01/02/2023 01:30,55.4
01/02/2023 01:45,55.2
01/02/2023 02:00,55.9
01/02/2023 02:15,55.3
01/02/2023 02:30,55.4
01/02/2023 02:45,55.1
01/02/2023 03:00,55.8
01/02/2023 03:15,55.5
01/02/2023 03:30,54.2
01/02/2023 03:45,54.1
01/02/2023 04:00,53.7
01/02/2023 04:15,53
01/02/2023 04:30,52.3
01/02/2023 04:45,51.5
01/02/2023 05:00,51.2
01/02/2023 05:15,51.4
01/02/2023 05:30,51.1
01/02/2023 05:45,50.6
01/02/2023 06:00,49.9
01/02/2023 06:15,49.5
01/02/2023 06:30,49
01/02/2023 06:45,48.6
01/02/2023 07:00,49
01/02/2023 07:15,49
01/02/2023 07:30,48.9
01/02/2023 07:45,49.3
01/02/2023 08:00,50.8
01/02/2023 08:15,50.6
01/02/2023 08:30,49.1
01/02/2023 08:45,48.9
01/02/2023 09:00,48.6
01/02/2023 09:15,48.1
01/02/2023 09:30,47.7
01/02/2023 09:45,46.7
01/02/2023 10:00,45.5
01/02/2023 10:15,45.1
01/02/2023 10:30,44.3
01/02/2023 10:45,44.2
01/02/2023 11:00,43.8
01/02/2023 11:15,42.9
01/02/2023 11:30,41.6
01/02/2023 11:45,40.3
01/02/2023 12:00,39
01/02/2023 12:15,37.7
01/02/2023 12:30,36.4
01/02/2023 12:45,35.1
01/02/2023 13:00,35.9
01/02/2023 13:15,35.9
01/02/2023 13:30,35.2
01/02/2023 13:45,34.8
01/02/2023 14:00,36.2
01/02/2023 14:15,35
01/02/2023 14:30,34
01/02/2023 14:45,34
01/02/2023 15:00,35.1
01/02/2023 15:15,35.6
01/02/2023 15:30,35.4
01/02/2023 15:45,35.3
01/02/2023 16:00,36.9
01/02/2023 16:15,38
01/02/2023 16:30,38.7
01/02/2023 16:45,39.7
01/02/2023 17:00,41.3
01/02/2023 17:15,42.2
01/02/2023 17:30,42.7
01/02/2023 17:45,44.5
01/02/2023 18:00,47.7
01/02/2023 18:15,48.8
01/02/2023 18:30,50.6
01/02/2023 18:45,52.1
01/02/2023 19:00,53.6
01/02/2023 19:15,54.3
01/02/2023 19:30,54.9
01/02/2023 19:45,56.1
01/02/2023 20:00,56.7
01/02/2023 20:15,56.6
01/02/2023 20:30,57.6
01/02/2023 20:45,57.9
01/02/2023 21:00,58.5
01/02/2023 21:15,59.2
01/02/2023 21:30,59.4
01/02/2023 21:45,59.4
01/02/2023 22:00,59.5
01/02/2023 22:15,58.2
01/02/2023 22:30,57.1
01/02/2023 22:45,56.5
01/02/2023 23:00,55.9
01/02/2023 23:15,54.1
01/02/2023 23:30,53
01/02/2023 23:45,53.1
02/02/2023 00:00,52.6
02/02/2023 00:15,51.8
02/02/2023 00:30,51.8
02/02/2023 00:45,51.6
02/02/2023 01:00,52.2
02/02/2023 01:15,52.7
02/02/2023 01:30,53.5
02/02/2023 01:45,53.6
02/02/2023 02:00,53.9
02/02/2023 02:15,53.2
02/02/2023 02:30,52.4
02/02/2023 02:45,52
02/02/2023 03:00,51.1
02/02/2023 03:15,50.4
02/02/2023 03:30,49.1
02/02/2023 03:45,48.3
02/02/2023 04:00,47.6
02/02/2023 04:15,47.4
02/02/2023 04:30,46.7
02/02/2023 04:45,45
02/02/2023 05:00,45.8
02/02/2023 05:15,45.6
02/02/2023 05:30,44.9
02/02/2023 05:45,44.1
02/02/2023 06:00,44.3
02/02/2023 06:15,43.7
02/02/2023 06:30,43.5
02/02/2023 06:45,43.1
02/02/2023 07:00,43.4
02/02/2023 07:15,43.6
02/02/2023 07:30,43.5
02/02/2023 07:45,44.6
02/02/2023 08:00,44.7
02/02/2023 08:15,43.9
02/02/2023 08:30,43.6
02/02/2023 08:45,42.9
02/02/2023 09:00,42.4
02/02/2023 09:15,42.6
02/02/2023 09:30,42.5
02/02/2023 09:45,43
02/02/2023 10:00,43.4
02/02/2023 10:15,43
02/02/2023 10:30,42.8
02/02/2023 10:45,42.6
02/02/2023 11:00,43.5
02/02/2023 11:15,43.1
02/02/2023 11:30,42.8
02/02/2023 11:45,43.425
02/02/2023 12:00,44.05
02/02/2023 12:15,44.675
02/02/2023 12:30,45.3
02/02/2023 12:45,46.4
02/02/2023 13:00,46.7
02/02/2023 13:15,46.4
02/02/2023 13:30,47.1
02/02/2023 13:45,47.1
02/02/2023 14:00,48.1
02/02/2023 14:15,47.6
02/02/2023 14:30,47.9
02/02/2023 14:45,47.7
02/02/2023 15:00,48.3
02/02/2023 15:15,48.1
02/02/2023 15:30,48
02/02/2023 15:45,48.1
02/02/2023 16:00,48.3
02/02/2023 16:15,48.2
02/02/2023 16:30,47.5
02/02/2023 16:45,47.3
02/02/2023 17:00,47.7
02/02/2023 17:15,48.8
02/02/2023 17:30,50.4
02/02/2023 17:45,53.1
02/02/2023 18:00,55.1
02/02/2023 18:15,56.3
02/02/2023 18:30,57
02/02/2023 18:45,58.9
02/02/2023 19:00,62.9
02/02/2023 19:15,66.5
02/02/2023 19:30,68.9
02/02/2023 19:45,71
02/02/2023 20:00,72.8
02/02/2023 20:15,73.8
02/02/2023 20:30,74.4
02/02/2023 20:45,75.6
02/02/2023 21:00,78
02/02/2023 21:15,79.5
02/02/2023 21:30,81
02/02/2023 21:45,82.8
02/02/2023 22:00,84.3
02/02/2023 22:15,84.7
02/02/2023 22:30,83.8
02/02/2023 22:45,83
02/02/2023 23:00,81.4
02/02/2023 23:15,78.8
02/02/2023 23:30,76.2
02/02/2023 23:45,75
03/02/2023 00:00,74.9
03/02/2023 00:15,72.6
03/02/2023 00:30,70.5
03/02/2023 00:45,68.2
03/02/2023 01:00,66
03/02/2023 01:15,63.4
03/02/2023 01:30,61.8
03/02/2023 01:45,61.2
03/02/2023 02:00,60.6
03/02/2023 02:15,59.2
03/02/2023 02:30,58.8
03/02/2023 02:45,58.3
03/02/2023 03:00,57.2
03/02/2023 03:15,56.9
03/02/2023 03:30,56.3
03/02/2023 03:45,56
03/02/2023 04:00,56.6
03/02/2023 04:15,57.1
03/02/2023 04:30,58.2
03/02/2023 04:45,58.9
03/02/2023 05:00,60
03/02/2023 05:15,60.9
03/02/2023 05:30,61.6
03/02/2023 05:45,61.8
03/02/2023 06:00,61.9
03/02/2023 06:15,59.9
03/02/2023 06:30,58.3
03/02/2023 06:45,57
03/02/2023 07:00,56.3
03/02/2023 07:15,54.2
03/02/2023 07:30,53.4
03/02/2023 07:45,53.6
03/02/2023 08:00,53.1
03/02/2023 08:15,52.6
03/02/2023 08:30,51.5
03/02/2023 08:45,50.7
03/02/2023 09:00,50.7
03/02/2023 09:15,50.5
03/02/2023 09:30,50.1
03/02/2023 09:45,49
03/02/2023 10:00,48.7
03/02/2023 10:15,48.4
03/02/2023 10:30,48.4
03/02/2023 10:45,48.5
03/02/2023 11:00,48.2
03/02/2023 11:15,47.5
03/02/2023 11:30,47.5
03/02/2023 11:45,46.675
03/02/2023 12:00,45.85
03/02/2023 12:15,45.025
03/02/2023 12:30,44.2
03/02/2023 12:45,46.6
03/02/2023 13:00,49
03/02/2023 13:15,49
03/02/2023 13:30,48.7
03/02/2023 13:45,47.9
03/02/2023 14:00,47.8
03/02/2023 14:15,47
03/02/2023 14:30,46.8
03/02/2023 14:45,46.9
03/02/2023 15:00,46.8
03/02/2023 15:15,47.4
03/02/2023 15:30,47.2
03/02/2023 15:45,47.7
03/02/2023 16:00,48.1
03/02/2023 16:15,48.9
03/02/2023 16:30,49.3
03/02/2023 16:45,49.3
03/02/2023 17:00,50.1
03/02/2023 17:15,50.6
03/02/2023 17:30,51.5
03/02/2023 17:45,52.7
03/02/2023 18:00,54.2
03/02/2023 18:15,55.5
03/02/2023 18:30,56.4
03/02/2023 18:45,57.8
03/02/2023 19:00,59.4
03/02/2023 19:15,59.8
03/02/2023 19:30,60.3
03/02/2023 19:45,61.5
03/02/2023 20:00,63.1
03/02/2023 20:15,64.2
03/02/2023 20:30,64.4
03/02/2023 20:45,65.5
03/02/2023 21:00,68
03/02/2023 21:15,68.6
03/02/2023 21:30,69.5
03/02/2023 21:45,71
03/02/2023 22:00,71.9
03/02/2023 22:15,71.4
03/02/2023 22:30,70.9
03/02/2023 22:45,70.3
03/02/2023 23:00,69.4
03/02/2023 23:15,67.9
03/02/2023 23:30,66.9
03/02/2023 23:45,66.7
04/02/2023 00:00,67.2
04/02/2023 00:15,66.4
04/02/2023 00:30,66.3
04/02/2023 00:45,64.8
04/02/2023 01:00,63.8
04/02/2023 01:15,61.8
04/02/2023 01:30,60.6
04/02/2023 01:45,60.3
04/02/2023 02:00,60.3
04/02/2023 02:15,59.1
04/02/2023 02:30,57.8
04/02/2023 02:45,56.3
04/02/2023 03:00,55.5
04/02/2023 03:15,54.7
04/02/2023 03:30,53.4
04/02/2023 03:45,52.5
04/02/2023 04:00,51.5
04/02/2023 04:15,51.1
04/02/2023 04:30,49.9
04/02/2023 04:45,48.6
04/02/2023 05:00,48.4
04/02/2023 05:15,47.6
04/02/2023 05:30,47.1
04/02/2023 05:45,48
04/02/2023 06:00,48.1
04/02/2023 06:15,47.5
04/02/2023 06:30,46.9
04/02/2023 06:45,48.5
04/02/2023 07:00,51.1
04/02/2023 07:15,52.4
04/02/2023 07:30,53.4
04/02/2023 07:45,54.6
04/02/2023 08:00,54.9
04/02/2023 08:15,54.2
04/02/2023 08:30,53.6
04/02/2023 08:45,53.1
04/02/2023 09:00,52.8
04/02/2023 09:15,52.2
04/02/2023 09:30,52.5
04/02/2023 09:45,53.3
04/02/2023 10:00,53.3
04/02/2023 10:15,53.1
04/02/2023 10:30,52.6
04/02/2023 10:45,51.4
04/02/2023 11:00,51.1
04/02/2023 11:15,50.4
04/02/2023 11:30,49.4
04/02/2023 11:45,48.925
04/02/2023 12:00,48.45
04/02/2023 12:15,47.975
04/02/2023 12:30,47.5
04/02/2023 12:45,46.7
04/02/2023 13:00,42.6
04/02/2023 13:15,38.5
04/02/2023 13:30,34.4
04/02/2023 13:45,35.6
04/02/2023 14:00,36.8
04/02/2023 14:15,36.5
04/02/2023 14:30,36.3
04/02/2023 14:45,36.1
04/02/2023 15:00,37.6
04/02/2023 15:15,37
04/02/2023 15:30,37
04/02/2023 15:45,37.3
04/02/2023 16:00,37.5
04/02/2023 16:15,38.1
04/02/2023 16:30,39.2
04/02/2023 16:45,40
04/02/2023 17:00,41.5
04/02/2023 17:15,42.7
04/02/2023 17:30,43.7
04/02/2023 17:45,45.8
04/02/2023 18:00,46.9
04/02/2023 18:15,48.2
04/02/2023 18:30,50
04/02/2023 18:45,51.9
04/02/2023 19:00,53.8
04/02/2023 19:15,56
04/02/2023 19:30,57.6
04/02/2023 19:45,59.1
04/02/2023 20:00,60.6
04/02/2023 20:15,63.2
04/02/2023 20:30,65.9
04/02/2023 20:45,69.2
04/02/2023 21:00,72.2
04/02/2023 21:15,74.2
04/02/2023 21:30,74.9
04/02/2023 21:45,74.8
04/02/2023 22:00,73.8
04/02/2023 22:15,72.6
04/02/2023 22:30,72
04/02/2023 22:45,71.8
04/02/2023 23:00,72.7
04/02/2023 23:15,72.8
04/02/2023 23:30,72.3
04/02/2023 23:45,71.5
05/02/2023 00:00,70.9
05/02/2023 00:15,69.5
05/02/2023 00:30,69.1
05/02/2023 00:45,69.1
05/02/2023 01:00,70.4
05/02/2023 01:15,72.3
05/02/2023 01:30,75.3
05/02/2023 01:45,79.5
05/02/2023 02:00,83.3
05/02/2023 02:15,87.8
05/02/2023 02:30,91.8
05/02/2023 02:45,94.1
05/02/2023 03:00,95.9
05/02/2023 03:15,96.4
05/02/2023 03:30,95.8
05/02/2023 03:45,93.5
05/02/2023 04:00,90.2
05/02/2023 04:15,87.2
05/02/2023 04:30,82.9
05/02/2023 04:45,78.7
05/02/2023 05:00,75.3
05/02/2023 05:15,71.8
05/02/2023 05:30,68.5
05/02/2023 05:45,67
05/02/2023 06:00,65.7
05/02/2023 06:15,64.4
05/02/2023 06:30,64.1
05/02/2023 06:45,64.5
05/02/2023 07:00,66.5
05/02/2023 07:15,67.5
05/02/2023 07:30,68.7
05/02/2023 07:45,68
05/02/2023 08:00,67.2
05/02/2023 08:15,65.8
05/02/2023 08:30,64
05/02/2023 08:45,62.4
05/02/2023 09:00,60.9
05/02/2023 09:15,58.5
05/02/2023 09:30,57.8
05/02/2023 09:45,56.3
05/02/2023 10:00,55.4
05/02/2023 10:15,54
05/02/2023 10:30,53.4
05/02/2023 10:45,52.7
05/02/2023 11:00,51.9
05/02/2023 11:15,51.1
05/02/2023 11:30,50
05/02/2023 11:45,49.65
05/02/2023 12:00,49.3
05/02/2023 12:15,48.95
05/02/2023 12:30,48.6
05/02/2023 12:45,49.2
05/02/2023 13:00,50.6
05/02/2023 13:15,51.3
05/02/2023 13:30,51.5
05/02/2023 13:45,51.8
05/02/2023 14:00,52.4
05/02/2023 14:15,52.7
05/02/2023 14:30,50.8
05/02/2023 14:45,48
05/02/2023 15:00,48.1
05/02/2023 15:15,50.7
05/02/2023 15:30,48.69090909
05/02/2023 15:45,46.68181818
05/02/2023 16:00,44.67272727
05/02/2023 16:15,42.66363636
05/02/2023 16:30,40.65454545
05/02/2023 16:45,38.64545455
05/02/2023 17:00,36.63636364
05/02/2023 17:15,34.62727273
05/02/2023 17:30,32.61818182
05/02/2023 17:45,30.60909091
05/02/2023 18:00,28.6
05/02/2023 18:15,30.1
05/02/2023 18:30,31.1
05/02/2023 18:45,32.8
05/02/2023 19:00,35.6
05/02/2023 19:15,38.5
05/02/2023 19:30,42.3
05/02/2023 19:45,47.4
05/02/2023 20:00,52.3
05/02/2023 20:15,56.5
05/02/2023 20:30,60.2
05/02/2023 20:45,63.3
05/02/2023 21:00,67.2
05/02/2023 21:15,72.9
05/02/2023 21:30,78.2
05/02/2023 21:45,83.1
05/02/2023 22:00,87.5
05/02/2023 22:15,90.5
05/02/2023 22:30,93
05/02/2023 22:45,94.7
05/02/2023 23:00,96.3
05/02/2023 23:15,98
05/02/2023 23:30,100.2
05/02/2023 23:45,101.9
06/02/2023 00:00,102.8
06/02/2023 00:15,103.2
06/02/2023 00:30,103.9
06/02/2023 00:45,104.2
06/02/2023 01:00,104.2
06/02/2023 01:15,105
06/02/2023 01:30,106.2
06/02/2023 01:45,106
06/02/2023 02:00,106.8
06/02/2023 02:15,105.4
06/02/2023 02:30,102.7
06/02/2023 02:45,98.5
06/02/2023 03:00,94.8
06/02/2023 03:15,90.8
06/02/2023 03:30,86.9
06/02/2023 03:45,83.4
06/02/2023 04:00,80.7
06/02/2023 04:15,80.1
06/02/2023 04:30,81.6
06/02/2023 04:45,83.5
06/02/2023 05:00,86.8
06/02/2023 05:15,89.5
06/02/2023 05:30,91.1
06/02/2023 05:45,93.3
06/02/2023 06:00,93.4
06/02/2023 06:15,92.6
06/02/2023 06:30,91.4
06/02/2023 06:45,90.3
06/02/2023 07:00,88.3
06/02/2023 07:15,86.3
06/02/2023 07:30,84.2
06/02/2023 07:45,83.1
06/02/2023 08:00,83.2
06/02/2023 08:15,82
06/02/2023 08:30,81.1
06/02/2023 08:45,79
06/02/2023 09:00,75.8
06/02/2023 09:15,74.3
06/02/2023 09:30,72.1
06/02/2023 09:45,69
06/02/2023 10:00,65.4
06/02/2023 10:15,62.5
06/02/2023 10:30,59.1
06/02/2023 10:45,55.5
06/02/2023 11:00,52
06/02/2023 11:15,47.4
06/02/2023 11:30,42.6
06/02/2023 11:45,39.95
06/02/2023 12:00,37.3
06/02/2023 12:15,34.65
06/02/2023 12:30,32
06/02/2023 12:45,34
06/02/2023 13:00,37.9
06/02/2023 13:15,18.3
06/02/2023 13:30,7.7
06/02/2023 13:45,9.7
06/02/2023 14:00,17.9
06/02/2023 14:15,21.4
06/02/2023 14:30,25
06/02/2023 14:45,28
06/02/2023 15:00,31.3
06/02/2023 15:15,33.8
06/02/2023 15:30,33.6
06/02/2023 15:45,30.2
06/02/2023 16:00,30.2
06/02/2023 16:15,31.4
06/02/2023 16:30,32.2
06/02/2023 16:45,32.7
06/02/2023 17:00,33.2
06/02/2023 17:15,33.4
06/02/2023 17:30,34.5
06/02/2023 17:45,35.5
06/02/2023 18:00,38
06/02/2023 18:15,39.9
06/02/2023 18:30,41.1
06/02/2023 18:45,42.5
06/02/2023 19:00,45.8
06/02/2023 19:15,47.4
06/02/2023 19:30,48.4
06/02/2023 19:45,50.3
06/02/2023 20:00,52.4
06/02/2023 20:15,54.2
06/02/2023 20:30,55.6
06/02/2023 20:45,57.8
06/02/2023 21:00,61
06/02/2023 21:15,63.3
06/02/2023 21:30,64.9
06/02/2023 21:45,66.9
06/02/2023 22:00,68.5
06/02/2023 22:15,68.9
06/02/2023 22:30,68.1
06/02/2023 22:45,66.9
06/02/2023 23:00,67
06/02/2023 23:15,66.9
06/02/2023 23:30,67
06/02/2023 23:45,68.4
07/02/2023 00:00,70.4
07/02/2023 00:15,74.4
07/02/2023 00:30,79.5
07/02/2023 00:45,83.5
07/02/2023 01:00,87
07/02/2023 01:15,88.5
07/02/2023 01:30,89.1
07/02/2023 01:45,88.5
07/02/2023 02:00,87.7
07/02/2023 02:15,86.4
07/02/2023 02:30,82.7
07/02/2023 02:45,79.4
07/02/2023 03:00,76.4
07/02/2023 03:15,73.4
07/02/2023 03:30,71.3
07/02/2023 03:45,68.6
07/02/2023 04:00,66.6
07/02/2023 04:15,63.7
07/02/2023 04:30,62.1
07/02/2023 04:45,61.1
07/02/2023 05:00,61.2
07/02/2023 05:15,62.6
07/02/2023 05:30,64.3
07/02/2023 05:45,67.3
07/02/2023 06:00,71.3
07/02/2023 06:15,73.9
07/02/2023 06:30,75.8
07/02/2023 06:45,77.6
07/02/2023 07:00,79
07/02/2023 07:15,81.7
07/02/2023 07:30,85.2
07/02/2023 07:45,87.9
07/02/2023 08:00,89.2
07/02/2023 08:15,87.2
07/02/2023 08:30,84.5
07/02/2023 08:45,81.9
07/02/2023 09:00,79.1
07/02/2023 09:15,76.3
07/02/2023 09:30,72.5
07/02/2023 09:45,68.5
07/02/2023 10:00,65.6
07/02/2023 10:15,63.2
07/02/2023 10:30,60.3
07/02/2023 10:45,54.6
07/02/2023 11:00,47.9
07/02/2023 11:15,43.2
07/02/2023 11:30,40.4
07/02/2023 11:45,38.55
07/02/2023 12:00,36.7
07/02/2023 12:15,34.85
07/02/2023 12:30,33
07/02/2023 12:45,32.7
07/02/2023 13:00,31.6
07/02/2023 13:15,29.8
07/02/2023 13:30,28.7
07/02/2023 13:45,28.3
07/02/2023 14:00,27.5
07/02/2023 14:15,25.8
07/02/2023 14:30,25.1
07/02/2023 14:45,25.9
07/02/2023 15:00,28.3
07/02/2023 15:15,29.6
07/02/2023 15:30,31.9
07/02/2023 15:45,34.6
07/02/2023 16:00,35.8
07/02/2023 16:15,37.6
07/02/2023 16:30,39.1
07/02/2023 16:45,39.9
07/02/2023 17:00,41.1
07/02/2023 17:15,42.5
07/02/2023 17:30,44
07/02/2023 17:45,45.6
07/02/2023 18:00,47.7
07/02/2023 18:15,49
07/02/2023 18:30,49.7
07/02/2023 18:45,48.8
07/02/2023 19:00,49.8
07/02/2023 19:15,51
07/02/2023 19:30,50.9
07/02/2023 19:45,50.9
07/02/2023 20:00,51
07/02/2023 20:15,50.3
07/02/2023 20:30,49.4
07/02/2023 20:45,49.6
07/02/2023 21:00,49.4
07/02/2023 21:15,48.5
07/02/2023 21:30,47.6
07/02/2023 21:45,47.9
07/02/2023 22:00,48.8
07/02/2023 22:15,48.4
07/02/2023 22:30,47.5
07/02/2023 22:45,47.1
07/02/2023 23:00,48
07/02/2023 23:15,48.8
07/02/2023 23:30,50
07/02/2023 23:45,50.3
08/02/2023 00:00,51.6
08/02/2023 00:15,52.6
08/02/2023 00:30,53.5
08/02/2023 00:45,55.2
08/02/2023 01:00,57.3
08/02/2023 01:15,59.6
08/02/2023 01:30,61.3
08/02/2023 01:45,63.2
08/02/2023 02:00,64.9
08/02/2023 02:15,66.5
08/02/2023 02:30,68.5
08/02/2023 02:45,69.9
08/02/2023 03:00,71.2
08/02/2023 03:15,72.3
08/02/2023 03:30,72
08/02/2023 03:45,71.8
08/02/2023 04:00,72.5
08/02/2023 04:15,72.5
08/02/2023 04:30,72.8
08/02/2023 04:45,73.7
08/02/2023 05:00,74.7
08/02/2023 05:15,75.4
08/02/2023 05:30,75.4
08/02/2023 05:45,75.1
08/02/2023 06:00,75.2
08/02/2023 06:15,74.2
08/02/2023 06:30,72
08/02/2023 06:45,70.7
08/02/2023 07:00,70.3
08/02/2023 07:15,68.9
08/02/2023 07:30,68
08/02/2023 07:45,66.6
08/02/2023 08:00,66
08/02/2023 08:15,64.7
08/02/2023 08:30,64.3
08/02/2023 08:45,63.2
08/02/2023 09:00,61.6
08/02/2023 09:15,60.4
08/02/2023 09:30,59.3
08/02/2023 09:45,58.3
08/02/2023 10:00,56.7
08/02/2023 10:15,55
08/02/2023 10:30,53.6
08/02/2023 10:45,50.9
08/02/2023 11:00,48.2
08/02/2023 11:15,46.1
08/02/2023 11:30,43.2
08/02/2023 11:45,41.775
08/02/2023 12:00,40.35
08/02/2023 12:15,38.925
08/02/2023 12:30,37.5
08/02/2023 12:45,37.9
08/02/2023 13:00,36.9
08/02/2023 13:15,35.6
08/02/2023 13:30,33.8
08/02/2023 13:45,31.8
08/02/2023 14:00,31.6
08/02/2023 14:15,32.6
08/02/2023 14:30,31.9
08/02/2023 14:45,32.93333333
08/02/2023 15:00,33.96666667
08/02/2023 15:15,35
08/02/2023 15:30,36.03333333
08/02/2023 15:45,37.06666667
08/02/2023 16:00,38.1
08/02/2023 16:15,39.13333333
08/02/2023 16:30,40.16666667
08/02/2023 16:45,41.2
08/02/2023 17:00,42.23333333
08/02/2023 17:15,43.26666667
08/02/2023 17:30,44.3
08/02/2023 17:45,42.7
08/02/2023 18:00,41.7
08/02/2023 18:15,40.9
08/02/2023 18:30,41.7
08/02/2023 18:45,43.6
08/02/2023 19:00,45.4
08/02/2023 19:15,47.5
08/02/2023 19:30,48.8
08/02/2023 19:45,50.2
08/02/2023 20:00,51.4
08/02/2023 20:15,51.6
08/02/2023 20:30,52.3
08/02/2023 20:45,52.9
08/02/2023 21:00,54.8
08/02/2023 21:15,55.8
08/02/2023 21:30,56.8
08/02/2023 21:45,58.7
08/02/2023 22:00,59.7
08/02/2023 22:15,59.8
08/02/2023 22:30,59.8
08/02/2023 22:45,60.1
08/02/2023 23:00,61.6
08/02/2023 23:15,62.6
08/02/2023 23:30,62.8
08/02/2023 23:45,63.6
09/02/2023 00:00,64.5
09/02/2023 00:15,64.6
09/02/2023 00:30,64.5
09/02/2023 00:45,64.4
09/02/2023 01:00,64.5
09/02/2023 01:15,63.7
09/02/2023 01:30,62.1
09/02/2023 01:45,60.7
09/02/2023 02:00,59.8
09/02/2023 02:15,57.7
09/02/2023 02:30,56.6
09/02/2023 02:45,55.5
09/02/2023 03:00,54.7
09/02/2023 03:15,53.1
09/02/2023 03:30,51.1
09/02/2023 03:45,50.5
09/02/2023 04:00,49.9
09/02/2023 04:15,49.2
09/02/2023 04:30,47.7
09/02/2023 04:45,47.4
09/02/2023 05:00,47.4
09/02/2023 05:15,46.7
09/02/2023 05:30,46.1
09/02/2023 05:45,45
09/02/2023 06:00,45
09/02/2023 06:15,46.6
09/02/2023 06:30,49.2
09/02/2023 06:45,50.8
09/02/2023 07:00,50.9
09/02/2023 07:15,50.6
09/02/2023 07:30,49.6
09/02/2023 07:45,49.7
09/02/2023 08:00,52.2
09/02/2023 08:15,55
09/02/2023 08:30,56.1
09/02/2023 08:45,55.2
09/02/2023 09:00,55.5
09/02/2023 09:15,55
09/02/2023 09:30,53.4
09/02/2023 09:45,51
09/02/2023 10:00,48.7
09/02/2023 10:15,46.9
09/02/2023 10:30,45.9
09/02/2023 10:45,43.8
09/02/2023 11:00,42.7
09/02/2023 11:15,41.5
09/02/2023 11:30,38.9
09/02/2023 11:45,37.15
09/02/2023 12:00,35.4
09/02/2023 12:15,33.65
09/02/2023 12:30,31.9
09/02/2023 12:45,31.3
09/02/2023 13:00,30.8
09/02/2023 13:15,29.9
09/02/2023 13:30,30.3
09/02/2023 13:45,30.7
09/02/2023 14:00,29.5
09/02/2023 14:15,27.5
09/02/2023 14:30,27.5
09/02/2023 14:45,29.9
09/02/2023 15:00,31.3
09/02/2023 15:15,32.4
09/02/2023 15:30,32.6
09/02/2023 15:45,33.7
09/02/2023 16:00,35.3
09/02/2023 16:15,36.5
09/02/2023 16:30,36.1
09/02/2023 16:45,35.7
09/02/2023 17:00,35.5
09/02/2023 17:15,35.4
09/02/2023 17:30,35.2
09/02/2023 17:45,34.5
09/02/2023 18:00,34.3
09/02/2023 18:15,32.9
09/02/2023 18:30,33.6
09/02/2023 18:45,35.9
09/02/2023 19:00,39.4
09/02/2023 19:15,43.2
09/02/2023 19:30,46.5
09/02/2023 19:45,52
09/02/2023 20:00,56.3
09/02/2023 20:15,60.5
09/02/2023 20:30,64.9
09/02/2023 20:45,66.9
09/02/2023 21:00,68.9
09/02/2023 21:15,69.8
09/02/2023 21:30,69.5
09/02/2023 21:45,70.7
09/02/2023 22:00,71.3
09/02/2023 22:15,73.1
09/02/2023 22:30,75.3
09/02/2023 22:45,78.5
09/02/2023 23:00,80.9
09/02/2023 23:15,82.9
09/02/2023 23:30,85.6
09/02/2023 23:45,87.8
10/02/2023 00:00,89.7
10/02/2023 00:15,92
10/02/2023 00:30,93.1
10/02/2023 00:45,93.5
10/02/2023 01:00,93.9
10/02/2023 01:15,94.5
10/02/2023 01:30,94.8
10/02/2023 01:45,95.1
10/02/2023 02:00,96.8
10/02/2023 02:15,99.3
10/02/2023 02:30,100.8
10/02/2023 02:45,101.7
10/02/2023 03:00,101.6
10/02/2023 03:15,101
10/02/2023 03:30,100.2
10/02/2023 03:45,98.4
10/02/2023 04:00,96.3
10/02/2023 04:15,95.2
10/02/2023 04:30,93.1
10/02/2023 04:45,92.4
10/02/2023 05:00,94.2
10/02/2023 05:15,97.3
10/02/2023 05:30,100.2
10/02/2023 05:45,104.1
10/02/2023 06:00,108.2
10/02/2023 06:15,110.4
10/02/2023 06:30,111.8
10/02/2023 06:45,112.8
10/02/2023 07:00,114.4
10/02/2023 07:15,115.1
10/02/2023 07:30,113.4
10/02/2023 07:45,111.4
10/02/2023 08:00,108.1
10/02/2023 08:15,104.5
10/02/2023 08:30,101
10/02/2023 08:45,98.2
10/02/2023 09:00,96
10/02/2023 09:15,94.7
10/02/2023 09:30,92.9
10/02/2023 09:45,91
10/02/2023 10:00,88.3
10/02/2023 10:15,82.1
10/02/2023 10:30,74.8
10/02/2023 10:45,68.3
10/02/2023 11:00,64.2
10/02/2023 11:15,62.2
10/02/2023 11:30,60.1
10/02/2023 11:45,57.375
10/02/2023 12:00,54.65
10/02/2023 12:15,51.925
10/02/2023 12:30,49.2
10/02/2023 12:45,48.9
10/02/2023 13:00,48.2
10/02/2023 13:15,47.8
10/02/2023 13:30,45.2
10/02/2023 13:45,43.1
10/02/2023 14:00,41.6
10/02/2023 14:15,37.8
10/02/2023 14:30,36.8
10/02/2023 14:45,35.5
10/02/2023 15:00,35.9
10/02/2023 15:15,33.6
10/02/2023 15:30,23
10/02/2023 15:45,19.1
10/02/2023 16:00,17.5
10/02/2023 16:15,17.8
10/02/2023 16:30,18
10/02/2023 16:45,19.2
10/02/2023 17:00,20.9
10/02/2023 17:15,22.4
10/02/2023 17:30,24.2
10/02/2023 17:45,26.9
10/02/2023 18:00,30.5
10/02/2023 18:15,33.8
10/02/2023 18:30,36.5
10/02/2023 18:45,40.4
10/02/2023 19:00,45.2
10/02/2023 19:15,50.8
10/02/2023 19:30,56.16666666
10/02/2023 19:45,61.53333333
10/02/2023 20:00,66.9
10/02/2023 20:15,71.8
10/02/2023 20:30,78.1
10/02/2023 20:45,83.4
10/02/2023 21:00,91
10/02/2023 21:15,98.3
10/02/2023 21:30,102.5
10/02/2023 21:45,106.7
10/02/2023 22:00,110.3
10/02/2023 22:15,112
10/02/2023 22:30,113.1
10/02/2023 22:45,114.8
10/02/2023 23:00,117.6
10/02/2023 23:15,119.5
10/02/2023 23:30,119.9
10/02/2023 23:45,119.5
,120
,120.7
,118.8
,115.8
,113.3
,111.8
,110.7
,109
,108.2
,107.7
,107.9
,108.6
,110.9
,111.7
,111.7
,110.5
,108.8
,105.5
,102.2
,99.9
,98.2
,96.1
,93.5
,91.7
,90
,89.9
,88.4
,88.3
,88.8
,89.5
,91.3
,94.9
,98.6
,100.2
,98.3
,94.7
,93
,91.8
,89.4
,83.4
,76.4
,69.5
,63.6
,58.1
,54.5
,50.6
,47.8
,46.55
,45.3
,44.05
,42.8
,44
,42.2
,39.6
,37.6
,37.1
,36.4
,34.5
,32.6
,31.1
,30.8
,31.6
,32.6
,30.54
,28.48
,26.42
,24.36
,22.3
,25.2
,26.9
,25.4
,25.3
,26.3
,28.3
,30.5
,32.8
,35.4
,36.4
,38.3
,39.3
,41.2
,42.9
,42.5
,42.5
,42.5
,43.6
,45.5
,45.8
,47.1
,48
,47.7
,47.6
,48
,48
,47.4
,47.7
,48.1
,47.9
,47.6
,47.8
,48.3
,49.3
,48.7
,48.2
,48.5
,49.3
,49.3
,49.8
,51.4
,51.5
,51.9
,51.4
,51.4
,51.6
,50.9
,50.7
,50.7
,51.9
,52
,50.7
,50.2
,49.9
,48.8
,47.4
,46.9
,46.1
,45.6
,44.9
,45
,44.1
,43.4
,43
,41.6
,40.4
,39.5
,38.8
,38.1
,37.3
,36
,33.7
,33.2
,33.1
,33.2
,33.6
,34
,34.4
,34.8
,34.2
,33.9
,33.8
,33.7
,33.8
,32.5
,31
,30.3
,28.9
,28.7
,28.1
,27.4
,27.4
,27.1
,27.3
,27.1
,27.5
,28.1
,28.9
,28.9
,28.7
,29.2
,29.6
,30.6
,32
,33.5
,35.5
,36.2
,35.8
,34.9
,35
,34.9
,35.3
,36.2
,37.1
,37.6
,38
,38.9
,39.7
,40.5
,39.9
,40.1
,40.5
,40.5
,41.1
,41.2
,41.2
,41.3
,43.1
,44.6
,45
,45.5
,45
,45.3
,45.5
,45.3
,46.3
,47.4
,48.1
,49.1
,49.8
,49.7
,50.2
,50.1
,50.2
,49.7
,49.4
,48.2
,47.4
,46.7
,47
,47.1
,46.9
,46.9
,47.4
,47.1
,47
,47.6
,47.6
,47.7
,47.4
,46.7
,46.1
,45.8
,45.4
,43.6
,39.9
,37.8
,37.5
,38.1
,37.6
,36.5
,36
,35.5
,35
,34.5
,33.5
,33.5
,34.3
,34.6
,34.8
,33.9
,33.7
,33
,33.6
,34.1
,34.7
,35
,35.1
,35.6
,36.3
,36.2
,36.9
,37.7
,38.7
,39.5
,39.7
,40.1
,41.4
,43
,44.9
,46.6
,48.1
,48.9
,50.8
,51.6
,51.7
,53
,52.9
,52.6
,53.6
,54
,53.2
,52.4
,52.4
,52.1
,51.5
,51.1
,49.8
,49.7
,49.3
,48
,47
,46.8
,46.6
,45.8
,45.8
,45
,43.9
,43.1
,42.5
,42.5
,42.7
,43.2
,42.8
,41.8
,42
,41.8
,41.7
,42.3
,42.4
,42.2
,42.2
,42.5
,42.5
,42.2
,41.8
,42
,41.8
,42
,42.8
,43
,42.8
,42.7
,42.8
,43.1
,42.9
,43.1
,42.6
,42.7
,43
,41.7
,40.4
,40.1
,40
,40.6
,39.9
,38.6
,38.075
,37.55
,37.025
,36.5
,37.7
,37.4
,37.2
,36.7
,36.4
,36
,35.3
,34.4
,33.3
,31.5
,31.4
,31.3
,30.4
,31
,30.2
,28.6
,27.9
,26
,25.4
,26.9
,28.7
,30.9
,32.6
,33.2
,34.1
,35.5
,37
,39.5
,41
,41.8
,43.8
,45.1
,45.7
,47.3
,48.9
,48.8
,49.8
,50.5
,51.1
,51.4
,52.5
,52.2
,52.3
,51.9
,52
,51.6
,51.6
,52.6
,53.3
,52.8
,53.3
,52.8
,52.4
,51.6
,51.9
,51
,51
,51.4
,51.7
,51.8
,52
,52.4
,52.2
,52
,51.7
,51
,50.8
,50.5
,50
,49.8
,49.5
,47.5
,47.2
,47.8
,47.7
,47.9
,47.8
,48.3
,48.3
,48.5
,48.6
,48.9
,48.4
,48.9
,49.1
,47.7
,46.4
,45.2
,43.2
,42.2
,41.1
,40.1
,40.2
,40.3
,40.4
,40.5
,41.3
,42.1
,42.8
,43.2
,43.7
,43.8
,43.6
,43.3
,42.2
,41.5
,41.3
,40.4
,41
,40.6
,40.5
,38.6
,33.1
,30.5
,31.3
,32.6
,33.8
,35.5
,37.5
,39.2
,41.6
,43
,45
,46.6
,48.9
,51.1
,52.6
,54.5
,56.7
,57.4
,58
,58.9
,59.4
,59.9
,60.2
,59.7
,59.2
,58.9
,58.8
,58
,57.6
,56.1
,55.3
,54
,53.5
,54
,54.5
,56.2
,56.8
,57.9
,59.2
,60.4
,60.7
,59.8
,61.1
,63.3
,65.3
,67.3
,68.9
,69.2
,68.4
,67.8
,68
,67.9
,67.9
,66.4
,65.6
,63.7
,62.2
,59.8
,58.4
,57.4
,57
,56.7
,56.3
,56
,56.3
,56.5
,58.9
,59.4
,56.9
,54.2
,48.8
,43.6
,29.6
,22.3
,21.5
,21
,18.6
,16.2
,13.8
,11.4
,13.6
,16.4
,21
,37.6
,37.7
,35.8
,34.1
,34.6
,36.6
,40.2
,43.9
,45.5
,45.4
,44.6
,41.6
,39.7
,39.4
,39.1
,33
,28.6
,28.6
,31
,33
,35.4
,39.3
,43.7
,46.9
,48.1
,48.9
,50.2
,49.5
,49.1
,48.9
,49.1
,49.1
,48.3
,48.3
,48.1
,47.7
,47.6
,48.3
,48.4
,47.7
,47.1
,47.4
,47.6
,47.7
,48.2
,49
,49.1
,48.7
,48.2
,48.5
,50
,52
,53.3
,54.3
,54.5
,55.3
,54.3
,53.5
,52.6
,52.2
,52.1
,52
,51
,50.7
,50
,48.7
,48.9
,49
,49
,48.3
,48
,47.6
,46.1
,46.5
,46.9
,46.7
,47.2
,47.3
,47.6
,47.5
,49.1
,49.8
,49.1
,48.1
,47.4
,47.2
,45.8
,37.1
,36.6
,39.825
,43.05
,46.275
,49.5
,53.1
,54.3
,52.2
,48.9
,46.1
,45.7
,43.6
,40.3
,48.2
,33.1
,26.6
,25.7
,17.5
,11.4
,15.1
,17.5
,18.1
,18.3
,17.9
,17.5
,17.7
,18.7
,19.6
,20.9
,25.2
,30.4
,34.5
,37.2
,38.3
,35.7
,33.3
,29.4
,25.5
,20
,15.3
,12.8
,11.5
,9.1
,8.5
,7.7
,6.7
,4.2
,5.3
,7.9
,7.4
,8.3
,7.9
,9
,9.2
,8.6
,9.3
,9.6
,10.6
,11.6
,12.6
,13.8
,16.6
,18.6
,21.7
,24.9
,28.3
,32.7
,36.2
,37.5
,37.8
,37.7
,36.5
,35.2
,34.2
,33.5
,32.2
,31.6
,31.6
,32.5
,31.4
,31.8
,32.6
,33.4
,34.4
,34.6
,34.3
,33.6
,33.1
,33.4
,32.7
,31.2
,29.3
,42.4
,54.9
,48.4
,37.3
,24.1
,22.15
,20.2
,18.25
,16.3
,18.4
,25.3
,28.5
,29.8
,30.4
,32.2
,31.7
,30.8
,29.8
,29.8
,29.4
,30.1
,29.9
,23.2
,17.3
,18.2
,17.6
,18.4
,20.1
,22.8
,25.5
,28.3
,30.3
,33.9
,37.7
,42
,47
,53.3
,58.6
,60.3
,60.1
,58.3
,55.9
,52.7
,50.8
,48.8
,47.2
,45.6
,44.2
,43.5
,42.5
,42.3
,42.3
,41.8
,41.2
,40.5
,40.7
,41.2
,41.2
,41.6
,42
,41.6
,41.5
,41.8
,42.2
,43.2
,44.6
,45.5
,45.8
,45.7
,45.5
,45.5
,45.7
,44.6
,43.2
,42.8
,41.6
,40.1
,39.9
,39.2
,38.5
,39
,39.3
,40.9
,43.7
,46.2
,47.6
,48
,48.2
,48.2
,47.3
,45.3
,43.2
,42
,39.6
,35.1
,31.8
,30.2
,23.6
,16.4
,13.3
,14.1
,13.35
,12.6
,11.85
,11.1
,10.9
,14.6
,18
,21.9
,25
,27.2
,28.3
,27.7
,23.9
,21.3
,16.1
,13.3
,14.1
,14.9
,16.8
,19.8
,22.7
,21.9
,21
,20.6
,21.6
,22.7
,24.6
,25.5
,26.5
,27.6
,28.9
,28.4
,27.1
,26.6
,25.4
,24.5
,23.3
,23.4
,24
,26.1
,29.1
,30.5
,30.6
,30.1
,30.5
,33.6
,35.6
,37
,37.1
,37.9
,40.5
,43
,43.9
,44.2
,44.6
,46.5
,47.3
,46.4
,42.4
,38.2
,34
,30.2
,26.9
,24.9
,24.3
,25.5
,23.9
,23.6
,24.2
,25.1
,26.8
,27.9
,29.1
,29.9
,30.5
,31.1
,29.7
,27.4
,25.5
,24.5
,25
,28.1
,30.5
,30.9
,30
,27.7
,25.4
,23.8
,21.6
,19.4
,18
,18.3
,17.6
,16.3
,16.2
,17
,17.525
,18.05
,18.575
,19.1
,18.3
,17.6
,17.5
,16.8
,16.7
,17
,17.4
,18.3
,18.3
,18.1
,17.7
,17.3
,16.9
,16.9
,16.8
,16.4
,16.6
,17.6
,18.9
,19.7
,20.2
,20.9
,23.9
,28.6
,34.3
,44.8
,63.1
,78
,93.8
,102.8
,97.2
,86.8
,80.2
,80.5
,81.5
,75.5
,69.6
,69
,72.6
,77.9
,80.5
,83.1
,86.7
,88.3
,86.7
,85
,86.5
,88.7
,89.4
,89.7
,89.1
,87.7
,84.6
,78.7
,72.4
,69.8
,70.4
,76.5
,87
,103.1
,114.2
,115.1
,110.7
,104.2
,97.5
,91.7
,90.5
,91.7
,92.8
,89.7
,87.6
,88
,88.4
,91.1
,99.4
,106.3
,101.8
,70.1
,48.7
,34.4
,27.3
,23.9
,21.1
,19.9
,19.2
,19.2
,18.4
,18.1
,17.4
,16.9
,16.9
,16.7
,16.5
,16.3
,16.1
,15.9
,15.8
,15.8
,15.9
,15.6
,16
,15.9
,16.1
,16.6
,17
,17.2
,17.2
,16.1
,15.9
,16
,16.3
,15.7
,15.3
,14.8
,15.8
,18.2
,21.3
,24.1
,26.9
,29.7
,33
,39
,54.8
,61.4
,67.3
,70.1
,70.9
,72.3
,72.3
,72.8
,72.3
,70.7
,69.3
,68.6
,68.6
,66.8
,60.4
,54
,48.8
,46
,47.1
,50.8
,54.4
,59
,65.9
,71.1
,74
,75.8
,74.9
,72.4
,64.3
,53.2
,41.3
,35.7
,31.6
,28.4
,25.9
,24.2
,23.1
,22.1
,21.3
,21
,21.5
,22.6
,23.2
,25.7
,30.2
,35.7
,44.4
,52.6
,55.5
,52
,44.7
,38.3
,33.2
,30.8
,28.2
,26.4
,25.1
,23.7
,22.1
,20
,18.4
,17.7
,17.8
,19.1
,19.7
,20.8
,20.275
,19.75
,19.225
,18.7
,18.3
,18.2
,18.1
,17.9
,17.2
,17.3
,17.5
,17.6
,18.3
,18.4
,18.6
,18.5
,18.3
,18.9
,19.8
,19.1
,18.7
,19
,20.4
,21.6
,21.9
,21.9
,22.7
,24.4
,26.8
,28.5
,27.2
,25.3
,24.8
,24.9
,26.6
,33.5
,44.5
,50.1
,52
,49.4
,42.9
,39.8
,41.1
,46.7
,54.6
,57.2
,55.2
,50.7
,46.9
,43.3
,40.2
,36.8
,34.2
,36.3
,40.1
,42.5
,42.1
,43
,45.5
,45.2
,42.1
,39.3
,36.1
,35.5
,36.2
,37.5
,41.4
,47.6
,56.1
,72.7
,88
,91.6
,93.3
,93.2
,96.6
,101
,103.3
,108.8
,118.7
,128.2
,129.6
,103.5
,72.7
,60.5
,48.2
,34
,27.2
,24.5
,24.9
,27.9
,29.5
,31.6
,33.8
,32.6
,34.2
,37.1
,33.45
,29.8
,26.15
,22.5
,22.1
,21.2
,19.1
,18.1
,17.2
,17
,17.3
,17.1
,17
,16.7
,17.1
,17.8
,17.1
,17.7
,18
,18.5
,17.9
,18.1
,18.8
,19.3
,19.6
,19.5
,19.8
,19.8
,20.6
,21.4
,21.7
,21.6
,21.2
,20.7
,19.8
,19.6
,20.2
,20.6
,22.8
,26.6
,29.7
,30.7
,30.7
,30.5
,29.9
,29.9
,31.5
,34.5
,38
,40.9
,42.5
,44.1
,47.8
,51
,54.1
,56.4
,58.4
,59.3
,59.2
,55.6
,50.9
,47.7
,46.3
,44.7
,42.1
,39
,36.3
,33.8
,35.5
,40
,43.3
,44.4
,49.7
,70.1
,90.9
,102.8
,108.6
,111.5
,115.3
,115.9
,97.7
,64.8
,52.4
,41.5
,36.3
,30.3
,26.5
,25.4
,23.7
,22.1
,22.2
,22.7
,23.7
,23.9
,23.2
,23.5
,22.8
,22.1
,21.4
,20.7
,20.1
,19.8
,19.2
,18.6
,17.8
,17.8
,17.2
,17.1
,17.7
,17.9
,18.4
,17.9
,18.7
,18
,18.2
,19.1
,19
,18.3
,17.6
,17.7
,18.2
,18.9
,20.9
,23
,24.5
,25.8
,27
,28.5
,28.2
,27.2
,26.5
,25.8
,24.6
,26.9
,33.4
,45
,45.9
,43.2
,41.5
,41.2
,39.9
,37.6
,35.8
,36.5
,35
,33.5
,32
,33.9
,37.9
,46.7
,56.5
,59.9
,60.1
,60.9
,59.7
,58.4
,55.3
,50.4
,47.5
,45.6
,43.4
,42.6
,44.2
,47
,48.2
,49.7
,56.6
,66.2
,71.5
,74
,76.5
,80.3
,85.7
,94
,98.7
,108.5
,137.2
,145.5
,140.7
,133.2
,123.9
,104.2
,82.8
,71.2
,58.6
,45.2
,42.8
,41.8
,44.1
,46.2
,44.8
,41.6
,42.25
,42.9
,43.55
,44.2
,42.4
,42.3
,43.5
,42.9
,41.8
,40.7
,38.2
,35.7
,33.6
,29.4
,24.8
,22.2
,19.7
,18.7
,18.5
,18.2
,18.3
,18.4
,17.9
,18.7
,20.1
,21.7
,23.3
,24.4
,25.2
,26.6
,28.8
,30.4
,29.6
,28.3
,26.6
,27.9
,30.5
,32.5
,33.1
,34.5
,35.9
,38.2
,42.2
,49.7
,57.9
,65.3
,68.6
,68.8
,67.8
,66.8
,66
,66.8
,67.8
,65.6
,62
,58
,55.7
,52.1
,48.5
,44.2
,41.9
,39.7
,38.8
,39.9
,43.1
,48.3
,53.5
,59.3
,64.4
,66.3
,68.2
,69.6
,69
,67.3
,65.5
,65
,66.1
,73.5
,83.3
,88.6
,86.7
,74.3
,54.1
,44.9
,38.8
,33.4
,29
,25.4
,23.2
,20.4
,18.9
,18.2
,17
,16.3
,15.7
,16.1
,16.475
,16.85
,17.225
,17.6
,18.4
,19.3
,20.1
,22.8
,25.9
,29.4
,32.1
,34.3
,36.6
,38.2
,39.1
,39.8
,40.8
,42.3
,43.9
,44.5
,44.7
,45.7
,44
,42.9
,44
,45.3
,46.7
,48.5
,49.4
,49.7
,50.8
,52
,52.5
,52.1
,52.4
,53.2
,55
,57.4
,58.9
,60.1
,61.6
,63.6
,64.8
,66
,66.8
,67
,67.7
,68.1
,68.5
,70
,71.2
,71.7
,72.4
,74.6
,74.7
,76.4
,79.4
,81.2
,82.7
,83.2
,83.6
,82.9
,81.5
,81.1
,81.7
,81.7
,81.7
,82.2
,82.1
,82.3
,80.9
,78.9
,77.8
,77
,77
,75.9
,75.1
,74.7
,75
,75.6
,75.6
,74.2
,73.7
,72.4
,71.7
,70.5
,69.2
,68.6
,67.2
,64.2
,38.8
,16.7
,10.9
,7.5
,8.5
,12.2
,12.6
,13
,13.4
,13.8
,14.3
,14.6
,16.4
,19.9
,23.4
,27.6
,30.2
,32.9
,34.6
,36.5
,37.9
,39.2
,40.4
,41.5
,42.7
,43.3
,43.9
,45.4
,43.2
,40.7
,41.9
,42.5
,43.8
,45.7
,47.5
,49.8
,52.6
,55.5
,57.5
,59.5
,62.2
,63.5
,64.9
,66.3
,67
,67.8
,68.5
,69.3
,70.7
,71.9
,73.4
,74.1
,75.5
,76.8
,78.5
,80.5
,81.8
,83.7
,85.5
,86.1
,86.6
,86.7
,86.2
,86.5
,86
,85
,84.1
,83.7
,84
,84
,83.9
,82.8
,82.2
,82.6
,83
,83.5
,84.9
,87
,88.1
,89.5
,90
,90
,90.4
,90.8
,90.6
,90.2
,90.3
,90.3
,89.8
,89.3
,87.3
,86.8
,86.1
,84.1
,81.3
,78.2
,75
,71.2
,28.2
,18.6
,17.5
,20.5
,22.425
,24.35
,26.275
,28.2
,34.4
,39.4
,43.5
,45.7
,46.5
,48.5
,49.2
,49
,48.4
,47.8
,48.1
,47.9
,26.2
,32.7
,34.6
,35.1
,35.7
,37.5
,39.8
,39.9
,40.7
,42.2
,43.3
,44.9
,45.9
,47.8
,49.9
,51
,52.1
,54.4
,56
,58.3
,59.9
,60.9
,62.5
,63.6
,64.9
,66.1
,66.8
,67.5
,68.5
,68.3
,69.2
,69.9
,70.55
,71.2
,72.7
,74.4
,75.7
,77.8
,79.7
,80.8
,82.8
,84.2
,84.7
,85.3
,85.8
,86.6
,87.8
,88.6
,89.9
,91.1
,91.9
,92
,93.4
,96.1
,98.8
,99.3
,99.3
,98.8
,98.4
,97.9
,96.9
,96.1
,95.7
,94.9
,94.2
,94
,94.3
,94
,93.6
,94.1
,93.9
,91
,87.5
,82.5
,79.7
,76.9
,29.9
,21.5
,19.5
,20.1
,44.50000001
,68.90000001
,93.3
,117.7
,149.1
,90.4
,83.2
,82.6
,82.2
,83
,83.1
,82
,80.4
,78.7
,77.2
,75.3
,73
,73.1
,72.6
,72.4
,71.3
,43.3
,17.6
,15
,17.6
,22.3
,27.4
,31.3
,34.7
,38.7
,41.1
,42.8
,44.1
,46.2
,48.9
,50.5
,51.7
,54
,55.1
,55.2
,56.1
,57.1
,59.3
,61.1
,63.6
,66
,68
,70
,72.9
,75.4
,77.5
,79.8
,82.5
,84.9
,87.1
,88.7
,90
,90.7
,91.8
,92
,92.2
,93.5
,95.6
,97.9
,98.9
,99.5
,100.2
,99.4
,98.7
,98
,98
,96.9
,95.1
,93.5
,92.4
,91.4
,90.3
,89.5
,89.9
,89.6
,89.7
,89
,87.9
,86.6
,86.2
,86.2
,86.3
,84.6
,80.7
,77.5
,58.1
,26.9
,23.9
,22.9
,24.1
,25
,25.45
,25.9
,26.35
,26.8
,28.7
,32.6
,36
,39.1
,42.2
,45.1
,47.7
,49.2
,51.2
,53.2
,54.5
,55.8
,57.4
,59.1
,61.2
,59.8
,53
,48.6
,47.7
,47.5
,46.6
,47.9
,49.8
,50.7
,51.9
,53
,53.9
,53.9
,54.6
,54.7
,55.6
,56.2
,57.4
,59
,60.2
,61.2
,61.6
,61.5
,62.6
,63.5
,64
,65.6
,66.8
,66.9
,67.3
,68.2
,68.7
,69.5
,70.2
,71.7
,73.2
,74
,74.5
,75.6
,76.1
,76.1
,75.5
,75.4
,75.4
,75
,75.8
,75.1
,74.7
,74.3
,74.5
,74.4
,75
,74.8
,75
,75.7
,76.8
,78.5
,79.5
,79.5
,79.4
,78.9
,78.8
,78.6
,78.6
,78.3
,76.8
,76.6
,78.2
,78.4
,76.6
,71.8
,68.8
,36.7
,16.2
,14.7
,12.6
,12.8
,13.725
,14.65
,15.575
,16.5
,17.2
,17.4
,17.6
,17.4
,17.4
,17.7
,17.1
,17
,17.4
,17.4
,18.1
,18.6
,19.3
,19.2
,19
,19
,19.4
,19.7
,20.7
,21.3
,22.3
,22.8
,24.5
,27.5
,34.1
,38.2
,44.3
,51.8
,55.9
,59.5
,60.6
,61
,62.1
,60.8
,58.2
,56.4
,56.1
,55.7
,52.6
,47.5
,42
,37.3
,34.5
,31.8
,30.9
,30.9
,30.4
,30.9
,36.6
,44.3
,50.9
,57.8
,62.2
,60.9
,55.4
,49.5
,50.8
,55.4
,60.8
,65.3
,69.4
,73.5
,77
,78.9
,79.1
,73.4
,68.9
,65.5
,57.6
,45.7
,36.2
,31.7
,30.3
,30
,32.2
,36.7
,39.1
,36.7
,34.2
,32.4
,31.5
,29.3
,28.1
,26.5
,23.7
,18.9
,17.2
,19
,17.6
,16.6
,16.5
,16.1
,15.175
,14.25
,13.325
,12.4
,14.2
,15.7
,15.8
,14.9
,14.7
,15.6
,16.2
,17
,16.5
,16.3
,16.4
,16.3
,17
,17.5
,18.1
,18.2
,17.5
,18.1
,18.9
,19.4
,20.1
,20.3
,20.3
,20.1
,19.9
,20.6
,21.2
,21.2
,21.4
,21.8
,22.3
,22.8
,22.7
,22
,22.4
,22.6
,22.6
,22.8
,23.8
,24.3
,25
,25.1
,24.9
,24.8
,24.4
,25.1
,25.4
,25.71284404
,26.02568807
,26.33853211
,26.65137615
,26.96422018
,27.27706422
,27.58990826
,27.90275229
,28.21559633
,28.52844037
,28.8412844
,29.15412844
,29.46697248
,29.77981651
,30.09266055
,30.40550459
,30.71834862
,31.03119266
,31.3440367
,31.65688073
,31.96972477
,32.28256881
,32.59541284
,32.90825688
,33.22110092
,33.53394495
,33.84678899
,34.15963303
,34.47247706
,34.7853211
,35.09816514
,35.41100917
,35.72385321
,36.03669725
,36.34954128
,36.66238532
,36.97522936
,37.28807339
,37.60091743
,37.91376147
,38.2266055
,38.53944954
,38.85229358
,39.16513761
,39.47798165
,39.79082569
,40.10366972
,40.41651376
,40.7293578
,41.04220183
,41.35504587
,41.66788991
,41.98073394
,42.29357798
,42.60642202
,42.91926605
,43.23211009
,43.54495413
,43.85779816
,44.1706422
,44.48348624
,44.79633028
,45.10917431
,45.42201835
,45.73486239
,46.04770642
,46.36055046
,46.6733945
,46.98623853
,47.29908257
,47.61192661
,47.92477064
,48.23761468
,48.55045872
,48.86330275
,49.17614679
,49.48899083
,49.80183486
,50.1146789
,50.42752294
,50.74036697
,51.05321101
,51.36605505
,51.67889908
,51.99174312
,52.30458716
,52.61743119
,52.93027523
,53.24311927
,53.5559633
,53.86880734
,54.18165138
,54.49449541
,54.80733945
,55.12018349
,55.43302752
,55.74587156
,56.0587156
,56.37155963
,56.68440367
,56.99724771
,57.31009174
,57.62293578
,57.93577982
,58.24862385
,58.56146789
,58.87431193
,59.18715596
,59.5
,59.7
,56.5
,48.45
,40.4
,33.3
,30.2
,28.4
,27.6
,28.5
,32.6
,46.2
,63.1
,73.4
,72.3
,60.4
,43.8
,38.8
,36.4
,35.4
,33.4
,31.7
,29.7
,26
,24
,23.9
,24
,24.7
,24.2
,22.3
,21.1
,19.4
,18.1
,17.575
,17.05
,16.525
,16
,16.3
,16.7
,17.2
,17
,17.3
,17.6
,17.7
,17.6
,18.1
,17.6
,18.1
,18.3
,17.8
,17.2
,18
,18.1
,17.8
,18.2
,19
,19.4
,19.4
,18.5
,19
,21.3
,23
,23.8
,24.3
,24.6
,26.4
,30.5
,34.3
,38.2
,40.2
,40.4
,39.1
,36.9
,34.3
,32.5
,31.2
,29.4
,28.5
,27.7
,27.1
,26.8
,25.4
,26.7
,27.8
,28
,27.4
,26.2
,25.9
,26.6
,27.4
,32.3
,38.7
,42.7
,43.9
,43.1
,42.8
,42.6
,41.7
,42.1
,45.5
,51.6
,65.4
,83.9
,83.7
,77
,68.3
,60.2
,56.5
,54.8
,55.8
,58.8
,61
,59
,51.7
,42.9
,33.4
,29.9
,29.9
,33.6
,36.4
,37.7
,38.9
,38.8
,37.9
,36.5
,35.2
,31.1
,27
,23.8
,22.925
,22.05
,21.175
,20.3
,20
,19.9
,22.4
,23.7
,21.2
,19.1
,17.7
,17.2
,16.9
,16.9
,17.3
,17.3
,17.6
,17.4
,17.7
,17.7
,18.6
,19.9
,19.8
,19.5
,19.3
,20.1
,20.4
,21.7
,21.9
,22.5
,26.2
,29.7
,30
,28.3
,26.9
,25.4
,23.4
,22.2
,21.7
,21.3
,21.6
,21.5
,21.3
,20.2
,20.1
,20
,20
,20
,21.1
,21.8
,22.1
,22.9
,22.8
,22.6
,22.1
,21.8
,21.7
,21.3
,20.5
,19.5
,18.9
,19.2
,19.3
,19.4
,20.3
,22.1
,23.6
,23.8
,23.1
,22.8
,21.8
,21.4
,22.3
,23.7
,25.2
,26.4
,27.6
,28.4
,29.2
,29.3
,30.4
,33.7
,35.8
,33.3
,30.5
,27
,23.9
,21.6
,20.2
,19.3
,20.3
,34.8
,51.4
,87.6
,123
,129.5
,112.025
,94.55
,77.075
,59.6
,46.9
,45.4
,53.4
,61
,59.9
,56.1
,51
,51.8
,52.3
,51.2
,49.9
,48
,44.7
,41.4
,37.9
,35.1
,33.2
,31.6
,29.1
,26.1
,24.1
,24.9
,26.2
,27.2
,27.6
,27.5
,29.2
,31.3
,33
,34.9
,37.7
,39.4
,38.9
,36.3
,31.6
,26.9
,23.8
,22.8
,22.6
,22.7
,22.2
,22.2
,22.6
,23.2
,24.4
,24.9
,25.2
,25.7
,25.8
,25.4
,25.1
,26
,26.8
,26.9
,26.9
,26.8
,27.5
,27.3
,27.7
,27.7
,27.7
,27.7
,28
,28
,28.4
,28.5
,28.4
,29.8
,30.9
,31.8
,31.4
,29.5
,27.4
,26.2
,26.1
,26.5
,27.4
,28
,28.2
,27.6
,27.2
,26.1
,25.5
,25.5
,27.8
,32
,34.4
,34.6
,36.4
,37.1
,37.7
,39.9
,39.675
,39.45
,39.225
,39
,35.4
,32.9
,29.8
,25.8
,24
,24.2
,25.6
,26
,24.2
,23.1
,25.9
,35.9
,40.3
,37.4
,35.8
,34
,32.4
,30.4
,29.5
,29.5
,28.8
,28.1
,28.5
,28.7
,27.1
,24.3
,22.5
,21.3
,20.4
,19.7
,19.8
,20.3
,20.9
,21.3
,21.5
,21.2
,21.9
,22
,22.5
,23.4
,24.4
,24.8
,25.7
,26.3
,27
,27
,26.5
,25.9
,25.7
,26.2
,26.7
,27.2
,29.6
,32.8
,34.5
,34.5
,35
,34.7
,33.4
,31.7
,31.1
,31
,30.6
,29.8
,29.2
,28.8
,28.7
,28.6
,28.8
,28.4
,28.8
,28.3
,29.9
,34.2
,39.7
,43.9
,47.9
,53.1
,55.2
,56.8
,60.1
,62.8
,57.1
,44.7
,32.7
,29.4
,26.9
,25.2
,26.5
,29.4
,32.5
,39.1
,49.52500001
,59.95
,70.37499999
,80.8
,88.8
,105.1
,105.8
,69.8
,50.8
,40.2
,36.7
,38.3
,43.8
,47.2
,49.4
,50.1
,49.1
,45.4
,40.3
,36.7
,35.5
,34.2
,35.1
,36.5
,37.3
,39.3
,42.2
,45.5
,50.4
,56.1
,61.1
,58.5
,54.2
,53.7
,54.4
,51.3
,52
,54.2
,50.5
,45.1
,39.5
,33.8
,29.2
,26.1
,24.1
,23.1
,23.4
,24.1
,25.1
,26.2
,27.4
,28.4
,29.4
,31.1
,35.5
,39.9
,43.7
,46.8
,48.3
,48.9
,49.5
,51.7
,54.6
,55
,52
,46.6
,42.5
,38.5
,36.6
,36.2
,34.3
,32.1
,30.4
,29.9
,29.1
,28.5
,28.2
,28.4
,28.8
,29.3
,29.3
,31.2
,35.3
,37.8
,38.5
,36.6
,32.9
,28.4
,26.1
,26.3
,26.9
,31.7
,53.3
,59.2
,59.3
,58
,50.85
,43.7
,36.55
,29.4
,34.6
,39.8
,41.1
,41.1
,39.9
,38.9
,37.3
,35.8
,33.4
,30.1
,27.2
,25.6
,23.9
,22.7
,22.5
,23.4
,26
,25.9
,24.2
,22.6
,23.6
,25.2
,25.6
,26.4
,28.7
,30.7
,30
,29.8
,31.7
,31.4
,30.3
,31.3
,34.4
,36.2
,36.7
,35.7
,34.2
,32
,30.9
,29.8
,28.9
,28
,28.5
,29.2
,29.5
,31
,33
,33.8
,33.5
,34
,35.1
,35.2
,35.3
,36.5
,40.2
,42.4
,43.9
,48
,53.5
,59.3
,62.2
,63.9
,64.3
,65.1
,66.1
,68.5
,71
,72.2
,73.2
,75.7
,74
,67.3
,56.8
,41.8
,39.1
,38.5
,38
,37.2
,35.5
,34
,33.6
,32.9
,30.8
,28.5
,27.2
,26.9
,31.6
,38.1
,48.4
,53.9
,54.1
,54
,55.125
,56.25
,57.375
,58.5
,55.4
,50.2
,44.8
,39.1
,35
,32.5
,30.9
,29.6
,28.7
,27.7
,28.3
,28
,28.3
,32
,44.7
,51.9
,52.9
,51.5
,49.2
,47.9
,46.6
,46.6
,49.8
,56.5
,62
,63.6
,60.2
,55.8
,51.9
,49
,49.4
,50.5
,48.3
,46.8
,44.4
,40.3
,36.4
,33.5
,31.9
,31.3
,31.6
,31.8
,31.9
,31.4
,32.4
,33.5
,32.9
,34.3
,43.4
,52.5
,51.6
,46.7
,42.3
,38.9
,36
,34.3
,33.6
,35.3
,41.4
,52.5
,67.4
,70.2
,68.4
,64.9
,62.5
,60.4
,57.4
,57.6
,58.1
,56.3
,57.3
,58.4
,56.9
,54.4
,51.2
,49.9
,48.9
,48.3
,47.4
,44.7
,40.3
,35.8
,31.4
,27.3
,25.3
,23.6
,24.5
,28.3
,30.7
,31.6
,33.2
,30.4
,27.05
,23.7
,20.35
,17
,18
,18.9
,20.9
,23.1
,23.6
,22.5
,21.5
,21.1
,19.8
,19.9
,20.2
,20.3
,20.9
,21.5
,21.9
,21.9
,21.8
,22.7
,23.7
,24.1
,24.4
,24.2
,25.7
,27.3
,29
,30.5
,33.6
,37.5
,40.9
,41.6
,41.1
,38.7
,35.7
,31.8
,29
,29
,30.4
,31.3
,32
,31
,29.5
,29
,28.4
,27.8
,26.6
,26.6
,26.4
,25.9
,25.1
,25.3
,25.5
,25.8
,26.8
,29.5
,33.9
,40.8
,51.9
,58.7
,62.2
,62.9
,61.3
,55.7
,47.7
,38.2
,33.8
,32
,30.9
,29.9
,30.7
,33.5
,36.9
,41.6
,42.4
,39.8
,36.6
,34.4
,31.9
,29.7
,27.6
,26.2
,25.4
,25.1
,23.6
,22.1
,22.6
,23.5
,24.7
,25.2
,24.9
,25.5
,24.9
,25.3
,24.4
,23.5
,22.6
,21.7
,20.8
,20.3
,19.8
,19.3
,19
,18.2
,18
,19.5
,20.4
,22
,22.2
,22.8
,22.9
,19.9
,8.7
,9.1
,9
,11.025
,13.05
,15.075
,17.1
,19.5
,21.2
,23.8
,27.2
,31.7
,35.5
,36.3
,34.5
,32.1
,33.9
,37.1
,41.2
,46.3
,50.2
,51.3
,49.8
,47.4
,45.3
,44.9
,45.4
,45.8
,47.9
,49.5
,48.8
,49.1
,48
,46.8
,46.7
,46.4
,46.2
,45.5
,44
,43
,42.2
,42.5
,43.2
,44
,49.7
,63.3
,75.7
,79.7
,81.5
,79.6
,75.5
,69.3
,55.5
,42
,39.3
,39.4
,49.6
,92.8
,122.4
,132.9
,125.4
,107.4
,86.8
,77.5
,67
,59.4
,51.9
,46.1
,42.5
,39.6
,37.6
,36.3
,35
,33.6
,32.5
,33
,36.8
,38.4
,40.8
,43.2
,45.6
,48
,41.2
,35.5
,31.2
,27.8
,25.1
,22.5
,20.8
,20.4
,19.7
,18.7
,17.7
,17
,16.1
,15.9
,16.2
,16.3
,17
,17.4
,17.5
,18.2
,20.1
,20.6
,20.1
,20.3
,21.4
,22.6
,24.4
,27.4
,32.4
,36.8
,38.2
,37.4
,36.9
,36.7
,36.2
,34.3
,32.3
,32.7
,35.4
,41.7
,52.5
,61.9
,66.2
,66.6
,60.5
,53.4
,52.1
,55.9
,58.5
,59
,58
,56.9
,55.1
,53.1
,53.9
,58.9
,63.4
,65.9
,67.1
,65.4
,61.1
,55.1
,51.2
,51
,51.8
,53.5
,57
,62.1
,66.6
,63.2
,56.6
,54
,54.1
,52.7
,48.8
,42.5
,35.3
,32.3
,32.1
,32.1
,29.7
,25.9
,22.4
,21
,20.8
,21.8
,23.9
,25.6
,30.2
,33.8
,36.6
,41.3
,36.8
,32.3
,27.8
,23.3
,21.9
,21.3
,19.8
,19
,18.4
,18
,18.7
,20.1
,22.1
,22.7
,22.5
,21.3
,19.9
,20.8
,21.7
,22.1
,22.3
,23.3
,23.2
,22.4
,22.1
,24.8
,27.8
,28.9
,29.5
,30
,33.5
,37.1
,43.1
,49.1
,46.4
,41.5
,35.7
,31.2
,31.5
,32.7
,31.9
,31.4
,31.2
,29.9
,31.5
,33.3
,33.8
,32
,30.2
,29.6
,29.9
,29.1
,28.1
,28.1
,29.8
,31.7
,32.7
,32
,30.8
,30.2
,29.1
,27.4
,26.4
,25.1
,23.8
,23.3
,23
,22.6
,22
,22.1
,23.6
,24.6
,27.8
,30.3
,32.5
,36.3
,41.8
,48.1
,55.5
,58.6
,56.3
,55.5
,59.2
,64
,65.2
,60.2
,43
,31
,27.2
,25.7
,25.2
,25.2
,24.1
,22.1
,20.1
,18.8
,18.6
,18.4
,18.2
,18
,18.8
,19
,19.2
,18.4
,18.1
,18.9
,19.2
,21.7
,23.9
,24
,24.6
,27.4
,30.1
,32.5
,34.4
,36.5
,34.2
,32.1
,29.1
,27.3
,26
,26
,25.4
,24.4
,24
,24.3
,26.9
,29.3
,32.1
,32.8
,33.1
,32.5
,31.8
,31.3
,30.2
,28.6
,26.3
,24.2
,23.3
,22.2
,21.1
,21.5
,21.3
,21.4
,21.1
,20.5
,20.4
,20.1
,21.2
,21.3
,21.3
,21.2
,20.7
,19.6
,19.2
,19.7
,19.9
,19.6
,20.4
,20.6
,21.1
,22.4
,23.4
,23.6
,22.7
,23.2
,24.8
,26.8
,31.4
,35.2
,37.1
,40.5
,43.2
,45.5
,49.1
,54.9
,56.2
,54.3
,49.9
,45.1
,40.7
,37.4
,34.4
,32.1
,29.4
,28.3
,27
,27.3
,25.9
,24.3
,22.4
,21
,20.6
,20.2
,19.8
,19.4
,18.9
,18.6
,17.8
,17.4
,16.9
,17.1
,18.1
,18.3
,18.8
,19.6
,19.8
,19.8
,19.8
,20.2
,20.4
,20.6
,21
,22.6
,24
,25.1
,25.3
,24.3
,23.7
,22.6
,22.4
,23
,23.4
,23.7
,25
,27.6
,29.7
,32.2
,33.4
,33
,31.7
,30.9
,28.2
,25.7
,24.4
,23.8
,23.2
,24.3
,24.8
,24.2
,23.9
,23.1
,23.9
,24.3
,25
,25.4
,27.1
,29.1
,30.1
,30.8
,32.7
,35.3
,37.9
,39.7
,40.6
,39.5
,38.4
,36.4
,35.7
,37.4
,40.5
,41.1
,39.8
,38
,36.1
,35.1
,35.3
,37.5
,44.5
,51.2
,59.1
,69.1
,71.6
,68.5
,65.2
,58.8
,48.1
,41.7
,40.1
,39.8
,39.6
,39.6
,40.4
,40
,38.5
,37.2
,36.7
,35.9
,35.675
,35.45
,35.225
,35
,35.6
,40.5
,66.2
,90.3
,100.9
,98.5
,95.7
,89.9
,79.5
,66.8
,60.9
,56.8
,51.7
,45.8
,41.2
,36.3
,32.3
,29.3
,27.5
,26.4
,25.3
,24.5
,24.1
,24.7
,24.4
,22.9
,22.2
,21.5
,20.6
,19.7
,19.9
,19.1
,19
,19.5
,19.4
,18.9
,18.3
,17.9
,17
,17.2
,17.1
,17.9
,17.8
,18.1
,18.3
,18.3
,18.9
,19.6
,20.2
,20.9
,21.8
,22.6
,24.1
,26.1
,28.6
,30.4
,31.7
,31.9
,32.2
,31.4
,30.3
,29.7
,28.4
,26.9
,25
,23.6
,22.5
,25.4
,27.3
,27.5
,27.4
,27.3
,28.9
,30.8
,33.6
,36.7
,38
,40.1
,42.8
,41.5
,39.2
,37.5
,35.8
,35.4
,33.3
,30.4
,29.6
,32.4
,36.1
,38.1
,39.6
,41.1
,44.325
,47.55
,50.775
,54
,52.5
,48.4
,42.1
,35.7
,30.7
,27.2
,25.7
,29.6
,35.1
,39.1
,39.1
,38.4
,38.6
,36.6
,34.9
,36.3
,39.3
,41.5
,40.4
,36.4
,34.1
,32.9
,32.7
,33.6
,33.9
,35
,39.2
,45
,54
,61.6
,63.5
,63.6
,62.6
,62.8
,61.6
,57.3
,53.7
,50.8
,49
,48.2
,47
,44.6
,41
,38.7
,37
,36.1
,35.6
,34.2
,33.2
,31.8
,30.9
,31
,31.4
,31.1
,30.5
,30.2
,30.3
,30.6
,31
,31.5
,30
,29.6
,29.6
,29.1
,28.7
,28.8
,27.9
,27.9
,30.7
,32.9
,34.1
,35
,35.5
,35
,32
,28.6
,26.2
,24.7
,24.2
,23.7
,22.2
,20.5
,20.2
,21.5
,22.7
,23.6
,24.1
,23.4
,21
,18.9
,18.7
,18.1
,18.175
,18.25
,18.325
,18.4
,19.4
,20.2
,20.3
,20.6
,20.8
,20.5
,20.4
,20.4
,21.1
,20.3
,20.9
,21.1
,20.4
,19.5
,18.6
,17.6
,17.1
,17.3
,18.5
,20.4
,20.6
,19.8
,19.5
,19.6
,20.3
,20.7
,21.7
,22.6
,23.5
,23.4
,23
,22.8
,22.5
,23
,23.4
,25.4
,26.5
,27.1
,27.4
,27.4
,29.2
,32.3
,34.9
,35.6
,33.7
,31.4
,30.5
,30.5
,32
,33.5
,35.6
,37.1
,41.2
,47.7
,53.8
,60
,65.5
,67.6
,70.1
,70.6
,70.8
,71.1
,69.5
,66.7
,63.5
,58.2
,52.9
,47.9
,45.6
,45.9
,44.9
,43.4
,43.3
,42.7
,41
,37.4
,35.7
,34.7
,31.8
,29.4
,26.8
,23.8
,22.8
,22.1
,21.1
,20.5
,20.6
,21.3
,20.8
,21
,20.8
,21.2
,21.2
,21.2
,21.2
,21.2
,21.8
,21.5
,21.9
,21.9
,21.9
,21.5
,21.6
,21.9
,21.6
,22.4
,22.4
,22.2
,22.2
,21.6
,21.2
,21.1
,20.8
,21.1
,21.6
,21.9
,22.5
,22.9
,23.1
,24.5
,26.2
,27.5
,26.7
,25.9
,24.8
,25.4
,25.2
,24.1
,23.5
,24.6
,26.7
,27.6
,28.8
,31.3
,33.5
,34.1
,33.4
,32
,31.1
,30.6
,30
,30
,30.7
,32
,32.9
,34.8
,38.3
,41.6
,47.2
,54.1
,58.3
,61.1
,63.6
,67.4
,69.6
,68.8
,64.1
,59.4
,56.4
,54.6
,56.5
,61.3
,67.2
,77.2
,93.4
,107.8
,120.4
,129.9
,109.4
,77.2
,60.4
,48.4
,41.7
,38.1
,37.1
,36.5
,37.7
,37.4
,34.6
,33.4
,32.1
,32.1
,32.9
,33.2
,32.6
,30.3
,28.5
,27.3
,25.6
,23.9
,22.2
,20.5
,17
,15.7
,15.4
,15.9
,17.1
,18.7
,20.5
,21.4
,21.7
,20.4
,17.2
,17.7
,18.5
,18.6
,18.3
,19.1
,20.5
,19.6
,18.8
,19.7
,21.2
,22.7
,22.8
,24.1
,25.1
,26.1
,29.2
,32.1
,34.6
,36.7
,40.6
,46.5
,49.8
,53.4
,58.9
,62.4
,59.7
,54.1
,46.6
,42
,40.2
,39.2
,39.6
,39.3
,39.2
,40.3
,43.8
,49.2
,54.4
,56.9
,57.4
,58.3
,58.5
,57.3
,54.6
,51.4
,49.3
,48.2
,49.3
,51.5
,59.1
,73.7
,80.1
,80.8
,79.2
,77.3
,76.3
,79.4
,85.9
,91.2
,93.9
,94.2
,95.6
,99.7
,103.4
,101
,91.1
,71.5
,53.3
,44.1
,36.8
,32.3
,29.3
,28.8
,28.8
,28.2
,34.9
,62.4
,67.5
,65.1
,63.8
,55.3
,47.675
,40.05
,32.425
,24.8
,26.3
,26.2
,24.8
,24
,22.8
,21.9
,21.4
,20.7
,20.1
,20.1
,20.1
,19.7
,19.8
,20.8
,21.4
,21.8
,23.7
,25.2
,26.2
,27.6
,28.5
,31.1
,35.2
,37.7
,40.9
,48.1
,61.4
,69.1
,65.9
,61.5
,62.9
,55.2
,50.2
,51.6
,49.7
,50
,55.1
,61.3
,65.1
,67.8
,70.3
,73.3
,75.5
,74
,73
,72.8
,71.8
,71.7
,70.2
,64.6
,59.9
,57.9
,57.6
,55.9
,52.5
,47.1
,43.5
,42.2
,41.6
,39.6
,37.8
,36.8
,35.7
,35.7
,35.1
,34.4
,34.1
,34.3
,33.7
,35
,36.3
,36.5
,34.5
,33
,31.3
,29.2
,26.7
,24.3
,22.7
,21.1
,19.3
,17.9
,17.1
,18.1
,18.1
,17.4
,17.1
,18
,17.6
,17.2
,17.7
,18.3
,17.875
,17.45
,17.025
,16.6
,16.9
,17.9
,18
,17.6
,17.4
,17.8
,17.8
,17.6
,18.1
,19
,18.9
,19.1
,19.3
,19.3
,19.5
,18.8
,18.6
,18.3
,18.7
,18.8
,20.3
,21.6
,23.8
,26.8
,29.6
,32.1
,36.9
,40.2
,41.7
,43.7
,46.1
,47.8
,48.3
,48.3
,47.5
,46.6
,46.5
,45.3
,44.8
,46.5
,49.2
,52
,51
,49.3
,46.9
,47.8
,51.2
,53.5
,53.9
,51.7
,48
,43.6
,42
,43.3
,45.3
,47.6
,48.4
,48.1
,48.3
,49
,51.7
,56.5
,57.2
,51.4
,44.6
,40.5
,38
,37.8
,38.4
,37.7
,37.3
,37.3
,37.2
,36.4
,35.1
,35
,35.4
,34.6
,34
,33.3
,31.3
,29.7
,28.8
,29.4
,28.7
,27
,26.9
,28.4
,30.4
,35
,37.9
,37.4
,33.275
,29.15
,25.025
,20.9
,21.7
,22.5
,21.7
,20.7
,19.7
,18.9
,18.9
,18.5
,18.4
,18.2
,18
,17.8
,18.2
,21
,23.7
,25.3
,25.3
,24.4
,25.1
,25.4
,26
,27.1
,27.8
,27.6
,27.8
,29.3
,30.8
,30.2
,29.1
,27.2
,26.1
,24.1
,23.9
,24.9
,25.3
,26.8
,28.3
,28.9
,31.8
,35.1
,39.1
,41.6
,43.3
,44.3
,46.8
,47.1
,43.2
,40.4
,37.7
,35.7
,34.6
,34.1
,35.7
,41
,46.6
,49.2
,49
,45.3
,41.3
,39.4
,37.7
,36.4
,33.6
,30.8
,29.2
,29.2
,30.8
,33.6
,38.1
,40.7
,41.7
,42.6
,49.2
,72.5
,85.6
,93.2
,96.7
,94.4
,89.5
,72.8
,56.7
,50.6
,45.9
,44.1
,41.8
,39.6
,39.4
,39.2
,37.8
,37.1
,38.4
,42.6
,47.025
,51.45
,55.875
,60.3
,64.6
,65.1
,64.3
,62.5
,57.7
,46.9
,34.4
,28.4
,24.8
,23.5
,22.4
,21.8
,21.3
,19.9
,20.1
,20.8
,20.1
,19.4
,19.4
,19.9
,20.5
,22.3
,22.8
,24.5
,26.9
,29.7
,33.4
,35.8
,36.9
,37.9
,38.6
,39.2
,41
,44.8
,45.5
,45.6
,46.7
,50.5
,55.2
,62.3
,65.3
,64
,61.5
,58.4
,55.1
,53.8
,53.2
,54.2
,55.3
,56.6
,57.3
,57.5
,60.1
,65
,69.5
,72.7
,75.6
,77.5
,77.6
,80.3
,92.6
,118.4
,122.8
,120
,111.1
,100.9
,91.9
,89.6
,92.3
,91.1
,84.9
,78
,71.8
,66.1
,64
,61.4
,57.6
,52
,46
,41.2
,37.9
,36.4
,36
,36.2
,35.6
,34.9
,39.5
,38.4
,35.5
,32.6
,33
,35.4
,39.175
,42.95
,46.725
,50.5
,54.1
,52.8
,49
,44.3
,40.6
,37.4
,33.2
,30.5
,28.4
,26.8
,25.5
,24.9
,23.7
,22.7
,22.4
,22.9
,23
,22.5
,21.8
,22.4
,22.6
,22.8
,24.5
,26.8
,29
,31.7
,33.9
,35.5
,34
,32.4
,32.7
,32.1
,29.9
,29.3
,30.7
,32.8
,34.4
,34.4
,32.3
,30.6
,29.5
,28.3
,28
,27.8
,28.2
,28.2
,29.1
,31.2
,44.6
,56.8
,62.3
,64.1
,66.3
,67.5
,68.6
,69.1
,69.9
,72.4
,74
,73.8
,70.5
,65.2
,64.4
,66.4
,68.4
,69.2
,70.5
,71.9
,69.7
,66
,64.6
,61.9
,58.3
,56
,53.5
,49.4
,43.9
,38.7
,33.9
,29.8
,26.3
,22.9
,21.1
,20.8
,21.4
,23.5
,26.2
,26.3
,27.6
,29.8
,41.9
,49.6
,52.875
,56.15
,59.425
,62.7
,62.2
,62.2
,53.6
,35.2
,33.5
,32.9
,31.2
,28.5
,25.2
,24
,25.4
,28.6
,31.2
,31.1
,27.8
,25.6
,25.5
,27.8
,31.1
,33.1
,34.9
,36.4
,37.6
,39.8
,41.1
,41.5
,43
,46.3
,50.6
,52
,48.6
,44.6
,39.4
,35.4
,32.8
,30.4
,28.6
,28
,27.5
,27.7
,28.2
,28.8
,28.5
,28.5
,28
,28.2
,29.3
,30.1
,31.7
,34.7
,37.9
,39.7
,41.7
,42.9
,45.3
,50.9
,57.3
,65.2
,71.2
,75
,75.5
,73.3
,71.7
,70.7
,70.4
,74.1
,83.4
,93.7
,102.3
,106.4
,107.2
,103.7
,94.8
,85.1
,78.9
,81.2
,85.8
,89.7
,82.5
,61.9
,47
,42.7
,44.5
,44.2
,48.7
,57.4
,62.5
,56.4
,49.2
,44.3
,45.5
,45.4
,45.025
,44.65
,44.275
,43.9
,43.7
,43.7
,41.7
,39.3
,40.2
,41.3
,39.9
,36.1
,33.3
,32.4
,34.3
,38.4
,42.1
,42.4
,40.9
,40.1
,40.9
,39.5
,36.2
,31.9
,27
,23.9
,21.9
,20.9
,20.4
,20.6
,21.4
,21.5
,21.2
,21
,20.8
,22.5
,23.4
,23.9
,24.1
,24.7
,24.3
,23.9
,23.3
,23.2
,23.1
,22.8
,21.9
,21.2
,21.2
,21
,20.6
,20.7
,21.6
,21.7
,22
,22.3
,21.6
,21.4
,20.9
,20.7
,20.8
,20.6
,20.4
,21
,22.6
,25.5
,27.7
,28.7
,28.8
,30.4
,33.3
,32.9
,30.9
,28.8
,26.1
,23.8
,22.6
,22.4
,23
,24.3
,25.4
,26.4
,25.5
,23.6
,21.6
,20.4
,19.2
,19.4
,18.5
,17.8
,17.7
,18.3
,17.9
,17.3
,15.9
,15.4
,22.625
,29.85
,37.075
,44.3
,36.3
,38
,36.4
,33.9
,31
,29.4
,29
,27.4
,25.1
,23.6
,22.5
,23.4
,28.1
,32.7
,34.6
,34.7
,31.3
,27.6
,24.7
,22.6
,21.1
,19.1
,18.6
,19.3
,20
,21.9
,22.7
,23.3
,23.6
,26.8
,33.1
,37.9
,40.6
,42.9
,44.1
,44.4
,42.2
,38.8
,34.1
,30.1
,27.2
,25.3
,23.4
,21.9
,21.8
,21.7
,21.8
,21.9
,21.3
,21.1
,20.6
,20.3
,19.6
,19.9
,19.3
,19.2
,20.1
,19.9
,19.7
,20.2
,21.3
,21.9
,21.9
,22
,22.4
,23.9
,27.8
,29.6
,29.8
,29.5
,28.7
,26.5
,27.1
,28.4
,30.8
,33.9
,34.1
,32.8
,31.6
,30.9
,30.8
,31
,31.2
,29.9
,28.5
,26.9
,25.9
,25
,23.8
,22
,20.9
,20.1
,19.525
,18.95
,18.375
,17.8
,18.4
,18.9
,20
,20.8
,21.3
,21.2
,20.1
,19.4
,18.5
,17.2
,17.4
,18.1
,18.8
,19.4
,19.9
,21.1
,21.4
,21.4
,21.8
,21.8
,21.7
,21.9
,21.3
,21.3
,22.5
,24
,24.4
,24.1
,24.2
,24.5
,25
,25.1
,25.7
,26
,27.2
,29
,30.8
,31
,29.9
,29.7
,32.2
,34.7
,36
,37
,38.2
,39.7
,42.1
,47
,50.9
,54.1
,56.1
,54.8
,50.9
,46.9
,42
,38.9
,36.6
,35.5
,35
,36.6
,43.8
,58.7
,65.8
,68.6
,70.8
,71.7
,70.2
,66.3
,61.2
,58
,54.4
,47.9
,40.9
,35.5
,32.9
,33.4
,37
,42.1
,45.5
,44.8
,41
,38.1
,33.7
,29.7
,25.9
,23.3
,21.3
,20.4
,19.4
,19.2
,19.3
,18.1
,17.575
,17.05
,16.525
,16
,16.6
,17.7
,18.1
,17.9
,17.8
,17.9
,18.1
,18.8
,19
,18.8
,18.9
,19
,18.4
,18.2
,18.6
,19.4
,20.1
,19.9
,20.1
,20.2
,20.4
,20.6
,20.7
,22.1
,25.1
,27.7
,28.7
,28.4
,28.5
,28
,26.9
,25.6
,25.2
,25.5
,27.8
,28.8
,33.3
,37.5
,37.6
,35.8
,32.6
,30.4
,31.5
,34.1
,35.8
,37.8
,38.4
,37
,35.8
,36.5
,38.6
,43
,51.2
,60.7
,65.5
,65.6
,63.8
,58.1
,50.5
,41.8
,34.6
,31.4
,30.8
,31
,31.3
,33
,38.4
,44.8
,49.7
,56.6
,73.4
,90.4
,93.5
,87.4
,75.3
,56.6
,50.8
,47.3
,43.1
,37.9
,32.7
,29.2
,26.1
,22.5
,21
,19.6
,18.6
,18.1
,17.2
,17.1
,16.8
,16.2
,16.5
,16.8
,17.1
,17.4
,17.7
,17.8
,17.4
,17.2
,16.9
,17.7
,17.4
,17.4
,17.8
,18.4
,18.4
,18.7
,18.4
,18.5
,18.8
,18.8
,18.8
,19.2
,20
,20.4
,20.5
,21.3
,22.3
,23.3
,25.4
,30.3
,36
,40.6
,44.8
,50.5
,56.4
,62.2
,68.2
,73.6
,76.2
,76
,76.9
,83.3
,91.7
,99.7
,106.3
,110.7
,110.6
,108.4
,107
,107.9
,111.7
,114.5
,113.5
,109
,104.2
,96.3
,77.7
,71.6
,65.9
,61
,57.2
,54.1
,52.4
,48.6
,44.7
,41.6
,38.5
,35.5
,35
,39
,46.2
,52.2
,54.2
,52.9
,50.7
,50.5
,52.7
,56.2
,53.3
,47.1
,41.3
,38.1
,35
,31.9
,29.1
,26.9
,23.8
,20.3
,18.4
,18.5
,18.1
,17.7
,17.5
,17.2
,16.1
,14.8
,14.6
,14.4
,14.2
,14
,14.8
,15.7
,16.2
,16
,15.6
,16.3
,16.1
,16.2
,16
,16.8
,17.5
,17.8
,18.1
,18.4
,19.5
,19.9
,20.5
,21.2
,21.6
,21
,20.6
,20.8
,21
,21.7
,22.2
,22.4
,22.4
,21.9
,21.4
,21.1
,20.6
,20.6
,20.8
,21.1
,20.8
,20.4
,20
,20.4
,21.5
,22.3
,22.6
,22.9
,23.4
,23.4
,24
,24.3
,25
,25.4
,24.2
,24.3
,24.5
,23.9
,23.4
,23.6
,23.8
,22.7
,23
,25.3
,26.6
,26.4
,26.3
,27.8
,28.1
,28.3
,29.3
,29.7
,30.2
,32.3
,35.2
,39.5
,55.1
,68.2
,70.5
,72.9
,73
,65
,53.2
,40.2
,35.4
,31.1
,28.5
,26.4
,24.5
,22.5
,20.6
,20.6
,20
,19.1
,19.1
,19.2
,19.2
,18.8
,18.65
,18.5
,18.35
,18.2
,17.5
,17.4
,17.6
,17.7
,18.1
,18
,18.4
,18.9
,19.5
,19.4
,19.2
,19
,19.1
,18.7
,19
,19.1
,19.1
,19
,20.2
,20.5
,19.4
,19.8
,20.8
,21.6
,23.3
,26.1
,30.1
,36.4
,43.7
,50.2
,53.3
,49.1
,42.5
,36.4
,31.2
,29.5
,34.8
,46.3
,53.4
,53.9
,52.8
,51.2
,49.2
,46.2
,43.8
,45.5
,50
,55.8
,62.3
,64.7
,62.5
,58.5
,54.3
,53.6
,55.3
,59.4
,61.3
,61.8
,61.9
,61
,62.4
,62.9
,57.8
,53.3
,49.2
,47.6
,46.5
,48.1
,53.3
,57.4
,59.9
,60.6
,63.9
,63
,56.9
,51.5
,48.8
,48.7
,46.7
,42.6
,38.8
,36.2
,34.4
,33
,36.8
,43.8
,48
,44.8
,41.6
,48.3
,60
,60.9
,55.825
,50.75
,45.675
,40.6
,36.4
,33.3
,31.3
,28.4
,27.7
,27.4
,25.3
,23.7
,22.3
,21.1
,20
,19.4
,19.1
,18.3
,18.3
,18.4
,19.1
,19.1
,19.2
,19.9
,20.2
,20.5
,20.3
,20.3
,21
,22
,22.1
,23.3
,25.8
,30.4
,35.1
,37.2
,38.6
,40.7
,42.4
,41.2
,41.8
,44.3
,46.9
,46
,47.4
,51.1
,55.4
,62.7
,65.9
,61.4
,56.8
,55.5
,53.6
,52.1
,53.7
,58
,64.2
,69
,71.5
,71.8
,72.5
,74.1
,77.6
,82.2
,81.9
,78.1
,71.9
,66.9
,63.6
,61.6
,62.3
,67.1
,72.6
,75.1
,74.5
,71.2
,65.6
,52.3
,44.6
,42.8
,43.8
,47.2
,52.2
,56.2
,57.6
,54.3
,44.9
,34.5
,27
,25
,23.6
,26.5
,31.1
,33
,33.4
,33.1
,33.275
,33.45
,33.625
,33.8
,40.3
,45.5
,54
,65
,75.1
,80.2
,85.8
,91.4
,93
,91.3
,84
,77.8
,73.2
,64.9
,52.6
,41.6
,37.2
,34.6
,33.4
,31.8
,29.9
,27.5
,26.2
,25.5
,26
,27.5
,30.3
,33
,33.9
,34.2
,33.2
,30
,27.9
,26.1
,25
,24
,22.8
,22.7
,23.3
,24.3
,25.2
,24.5
,25.5
,26.5
,26.6
,26.4
,27
,26.3
,25.1
,24.3
,24.5
,24.8
,24.5
,24.2
,24
,23.8
,23.5
,23.5
,25.6
,28.9
,33.2
,35.8
,38.5
,43
,51.5
,68.2
,78.1
,83.8
,87.7
,87.8
,88.8
,89.2
,84.7
,75.6
,64.3
,56.1
,50.3
,44.7
,38.9
,35
,33.6
,32.4
,30.7
,29.6
,29.4
,31
,30.2
,28.5
,27
,28.6
,39.8
,49.8
,43.7
,37.6
,31.5
,25.4
,23.3
,22
,21.6
,21.6
,23.6
,25.3
,27.4
,29.2
,29.2
,28.2
,28.1
,27.6
,26.8
,25.3
,23.8
,22.2
,21.3
,21.1
,21.1
,20.8
,21.4
,22.6
,23.7
,25.6
,27.4
,28.1
,28.6
,36.4
,50.3
,51.4
,57.6
,66.4
,72.2
,74.7
,78.4
,82.6
,83.8
,81.9
,77.8
,70
,55.4
,46.2
,43.3
,42.6
,40.8
,39.1
,37.5
,38.5
,42.6
,49.1
,54.4
,56.7
,55.9
,54.3
,51.8
,48
,44.5
,42.1
,40.7
,40.6
,44.9
,48
,45.8
,41
,36.7
,34.4
,32.5
,31
,29.9
,30.1
,31
,35.4
,40.1
,40.7
,36.7
,31.5
,27.6
,24.6
,23.2
,22.8
,22.5
,23
,24.2
,26
,25.9
,26.5
,26.8
,25.8
,24.8
,25.7
,26.4
,28.1
,28.975
,29.85
,30.725
,31.6
,30.5
,28.4
,26.5
,24.6
,22.1
,20.8
,22.9
,24.1
,31.2
,43.4
,44
,39.4
,33.7
,30.7
,28.6
,25.8
,22.6
,21.8
,21.2
,21
,22.2
,23.1
,23.4
,23.5
,25.2
,28.9
,31.2
,32
,32.7
,32.4
,31.4
,29.9
,29.3
,31.7
,35.2
,38.8
,41
,42.2
,42.2
,42.6
,43.8
,44.1
,43.1
,41.8
,41.4
,41.1
,38.8
,35.9
,33.1
,30.4
,29.8
,30.5
,32
,34.4
,36.6
,38.5
,37.8
,35.4
,34.1
,33.2
,35.1
,39
,41.6
,41.8
,41.3
,42
,40.8
,37.8
,35.4
,32.8
,30.6
,29.4
,28.6
,28.2
,27.9
,27.6
,28.6
,28.7
,27.4
,25.8
,24
,23.4
,22.8
,22.9
,23.7
,25.6
,26.9
,25.9
,24.5
,22.9
,21.6
,20.4
,19.8
,19.2
,18.6
,18
,17.8
,17.3
,16.4
,16.8
,16.4
,16.4
,17.2
,17.9
,17.7
,17.1
,17
,16.6
,16.6
,17.1
,17.5
,17.8
,17.9
,18.1
,17.9
,18.9
,20.1
,21.3
,22.3
,23.2
,25.2
,27.8
,31.3
,37.9
,43
,47.2
,49.3
,47
,42.7
,37.8
,32.5
,28.1
,25.8
,25.3
,24.7
,23.1
,22.3
,22.9
,24.6
,26.9
,28
,28.3
,29.3
,30.4
,31.3
,34.7
,49.2
,54
,54.5
,55.4
,55.5
,58.3
,64.8
,67.7
,66.6
,63.8
,61.1
,58.4
,55.1
,49.8
,44.8
,43.3
,42.6
,40.6
,39.6
,39.2
,38
,36.5
,37
,42.1
,60.8
,65.7
,60
,52.4
,45.3
,36.3
,29.1
,25.5
,23
,21.2
,20.7
,20.7
,19.9
,19
,19.4
,19.5
,18.8
,17.2
,16.625
,16.05
,15.475
,14.9
,14.7
,14.4
,14.2
,14.5
,15
,14.6
,16
,15.9
,17
,17.1
,16.4
,17.1
,17.3
,16.5
,15.7
,15.1
,16
,17
,18.2
,19.5
,20
,20.2
,21.1
,22.3
,24.7
,27.5
,31.4
,35.3
,40.2
,43.9
,46.1
,49.4
,53
,61.5
,71.2
,75.8
,80
,82
,82.9
,82.5
,76.7
,69.6
,61.3
,52.1
,46.1
,43
,40.1
,37.5
,34.8
,32.8
,32.5
,33.3
,34.8
,37.9
,41.6
,45
,48.1
,52.5
,59.3
,59
,52.5
,48
,45.9
,42.9
,42.5
,45.4
,50.1
,55.3
,59.1
,62.1
,64.9
,62.3
,51.7
,46.4
,43.7
,40.6
,38.4
,38
,38.8
,38.3
,36.3
,33.7
,29.9
,27.4
,25.5
,24.5
,24.3
,24.2
,24.2
,23.7
,22.2
,20.4
,19.6
,18.8
,18
,17.2
,17.1
,17.1
,17.7
,17.5
,17.6
,17.6
,17.8
,17
,17.2
,17.1
,17.4
,17.4
,17.1
,17.6
,17.1
,17.4
,17.6
,18
,18.4
,19.4
,20.2
,21.2
,23.1
,25.6
,28
,29.2
,30.1
,30.8
,33.6
,39.2
,44.5
,49.5
,54.4
,54.2
,53
,53.3
,54.6
,55.3
,56.2
,58.2
,64.1
,72.6
,77.2
,74.2
,70.3
,66.5
,57.4
,48
,41.8
,39.3
,38.2
,37.9
,36.8
,36.9
,36.8
,35.8
,34.6
,34.2
,35.6
,37.9
,39.9
,40.8
,41.2
,42.2
,44.4
,47.5
,50.7
,54.5
,58.8
,65.2
,73.4
,80
,88.9
,98.4
,100.6
,79.4
,51.2
,41.7
,38
,36.7
,36
,34.4
,33
,31.8
,31
,31.4
,30.4
,29.3
,29.1
,28.5
,27
,26.3
,24.9
,23.5
,22.1
,20.7
,19.8
,18.1
,17.9
,18.2
,17.8
,17.3
,17.9
,18.2
,18.8
,15.9
,12.8
,13.2
,14.8
,16.4
,16.9
,17.9
,18.2
,18.6
,17.9
,18.4
,19.5
,21.3
,23.1
,24.5
,25.6
,26.6
,27.7
,30.5
,38.3
,50.7
,50.7
,47.7
,44.1
,42.4
,41.5
,40.5
,39.1
,39.1
,41.8
,46.3
,52.6
,55
,57.4
,61.3
,64.9
,68.8
,72.1
,75.5
,76.2
,75
,73.8
,70.9
,66.2
,59.6
,53.7
,50.2
,51
,57
,64
,67.9
,69.7
,71.7
,75.7
,75.6
,73.1
,72.5
,71.2
,71.9
,72.3
,72.9
,73.2
,73.1
,69.4
,64.2
,57.3
,51.6
,48.8
,45.5
,39.4
,34.8
,32.1
,29.9
,29
,28.6
,28.7
,29.7
,33
,33.8
,37.2
,51.3
,59.8
,87.2
,77.15
,67.1
,57.05
,47
,46.3
,44.2
,42.3
,39.2
,35.8
,33.9
,31.2
,28.8
,27.4
,24.7
,22.2
,20.7
,20.1
,19.5
,19
,18.8
,18.7
,19.1
,19
,20
,20.4
,20.4
,22.5
,24.3
,26.7
,28.4
,29.1
,29.1
,28
,28
,30
,33.1
,35.2
,36.4
,35.4
,32.8
,30.8
,30.7
,31.8
,32.5
,33.1
,33.6
,35.3
,39.1
,45.3
,50.9
,53
,56.2
,62.3
,68.3
,75.2
,81.6
,84.2
,85.4
,89.5
,96.7
,107.9
,121.8
,131.4
,133.9
,129.1
,123.1
,116.5
,108.5
,99.8
,90.6
,85.7
,80.6
,74.4
,70.3
,67.7
,66.2
,61.5
,54.1
,46.8
,40.4
,35.4
,31.7
,28.1
,25
,23.2
,22.2
,22.9
,24.5
,28.9
,34.6
,41.3
,37.9
,31.3
,27.8
,27.1
,26.1
,29.45
,32.8
,36.15
,39.5
,40.3
,43.8
,45.9
,43.4
,38.8
,35.2
,32.9
,31.1
,29.2
,28.1
,26.5
,25.1
,22.9
,21
,19.2
,17.9
,17.5
,18
,18.6
,19.4
,21.4
,23.7
,25.4
,27.4
,29.4
,32.4
,34.7
,35.3
,35.1
,36
,38.7
,40.6
,43.8
,48.1
,50
,46.8
,42.6
,38.3
,35.1
,34
,35.6
,39.4
,42.4
,42.8
,41.2
,39.2
,36.5
,34.7
,32.5
,28.7
,26.7
,27.2
,28.1
,28.9
,28.6
,28.3
,28.2
,27.4
,27.6
,28.3
,29
,29.9
,30
,30.4
,29.9
,28.5
,27
,24.6
,22.9
,22.3
,23.1
,22.5
,22.5
,23.4
,24.3
,25.5
,27
,26.4
,24.5
,22.4
,21.1
,20.5
,19.6
,18.6
,17.6
,18.1
,18.7
,18.1
,17.1
,16.5
,16.6
,17.5
,17.4
,17.3
,17.2
,17.1
,18.3
,20.1
,21.2
,22.6
,23.9
,23.6
,22.5
,20.8
,19.4
,18.5
,18
,17.5
,17
,16.9
,16.3
,15.7
,14.9
,15.1
,14.7
,15.6
,16.7
,17.5
,18.3
,19
,22.8
,28.1
,31.4
,37.7
,46.2
,59.9
,73.4
,78.3
,82
,84.7
,86.3
,85.2
,85.3
,90.1
,93
,92.3
,89.4
,89
,91.4
,92.8
,95.8
,97
,97.2
,98.7
,100.6
,103.2
,105.9
,108.3
,113.7
,126.2
,148.9
,155.3
,158.4
,163.3
,165.2
,162.7
,159.6
,156.9
,153.9
,151
,148.2
,144.8
,139.3
,132.8
,129.4
,136.5
,149.7
,157.8
,155.3
,145.6
,125.5
,108.1
,77.7
,62.3
,50.4
,34.7
,29.7
,26.3
,24.2
,21.9
,21
,20.5
,21.8
,27.3
,49.7
,57.2
,57.7
,61
,60.775
,60.55
,60.325
,60.1
,54.2
,48.8
,46
,41.2
,36.7
,30.9
,26.8
,25.9
,24
,22.7
,21.7
,20.5
,19.5
,18.7
,19
,18.9
,18.5
,18.8
,19
,20.5
,22.6
,24.6
,28.3
,31.5
,34.8
,40.5
,46.2
,50.9
,52.8
,53.9
,52.2
,50.4
,53.4
,61.7
,68.3
,67.1
,62.6
,60.2
,60.3
,59
,56.8
,58.4
,62.9
,69
,76
,83
,84.6
,80.4
,75
,71.6
,67.9
,68.1
,71.6
,72.3
,72.4
,72.3
,72.2
,73.6
,73.9
,72.7
,70.4
,67.7
,64.3
,63.9
,64.6
,65.7
,68.4
,74
,84.2
,104.8
,108
,108.4
,112.9
,121.3
,131.2
,138.5
,136.6
,110
,71.1
,48.5
,40.1
,33.1
,27.9
,25.4
,24.2
,23.8
,22.8
,21.2
,20
,18.6
,18.1
,18
,18.05
,18.1
,18.15
,18.2
,18.6
,18.7
,19.2
,19
,18.3
,18.2
,18.3
,18.6
,19
,19.2
,19.2
,19.2
,18.8
,18.4
,18.1
,18.5
,18.9
,19.1
,18.8
,18.9
,18.7
,18.8
,20.4
,22.4
,25.6
,29.4
,35.1
,47.8
,59
,64.3
,71.1
,74.8
,77.4
,76.5
,71.9
,66.1
,58.4
,49
,41.6
,36.9
,35.4
,35.7
,35.5
,33.5
,32.3
,31.3
,30.9
,31.2
,32.4
,33.8
,34.9
,36.7
,37.4
,37.9
,38.9
,40.2
,39.6
,39
,40.5
,41.4
,40.5
,39.9
,40.6
,43
,47.5
,53.5
,58.7
,65.1
,68.2
,66.7
,65.5
,66.6
,70.4
,71.4
,64.2
,49.3
,37.8
,33.2
,30.5
,28.9
,27.3
,25.7
,24
,22.5
,20.6
,18.6
,18.7
,18.7
,18.4
,18.5
,18.5
,17.4
,17.05
,16.7
,16.35
,16
,16.6
,16.6
,17
,17.5
,17.9
,18.3
,18
,18.1
,17.7
,18.5
,18.3
,17.6
,17.9
,18.2
,17.4
,17.3
,17.2
,17.4
,16.9
,17.5
,18.1
,18
,19.3
,20.4
,22.8
,26.6
,33.8
,39.5
,43.4
,46.8
,46.5
,43.7
,41.8
,38.6
,35.7
,34.1
,32.2
,28.5
,24.9
,23.8
,22.8
,24
,27.6
,32.5
,36.5
,39.7
,44.6
,47
,47
,46
,43.7
,41.4
,40.6
,43.7
,47.3
,52
,54.8
,54.8
,52.1
,46.8
,41.5
,38.2
,35.2
,32.3
,30.1
,28.5
,26.8
,27
,27.1
,27
,28.3
,33.8
,43.7
,48.7
,48.5
,40.4
,33.6
,29.7
,26.1
,23.2
,22.1
,21
,18.9
,18.4
,18.8
,18.3
,19.7
,19.7
,19.1
,18.2
,18
,19.1
,18.45
,17.8
,17.15
,16.5
,16.8
,16.6
,17.2
,17
,17.7
,18.8
,18.2
,17.8
,18.2
,17.5
,17.6
,17.5
,17.3
,16.9
,16.9
,17.2
,16.9
,16.8
,17.4
,17.9
,17.8
,17.4
,18
,18.6
,19.2
,20.6
,21.9
,22.1
,21.6
,21.4
,21.5
,22.1
,22.6
,22
,22
,22.3
,22.9
,22.5
,21.6
,20.7
,20.8
,20.9
,20.2
,20
,19.6
,19.9
,19.2
,17.9
,16.9
,16.1
,15.9
,15.8
,16.3
,15.5
,15.3
,15.5
,16.2
,17
,17
,17.1
,16.6
,16.6
,16.9
,18.7
,21.7
,24.8
,26.8
,28.4
,31.3
,32.8
,34.9
,37
,38.8
,40.4
,43.1
,45.3
,46.2
,45
,40.5
,34.2
,28.2
,23.3
,19.9
,17.8
,16.4
,15.2
,14.8
,14.9
,14.7
,15.1
,15.8
,15.8
,15.85
,15.9
,15.95
,16
,16.4
,17.6
,17.8
,16.5
,15.9
,16.8
,17.2
,16
,15.9
,16.6
,17.4
,16.8
,16.6
,17.8
,17.7
,17
,15.9
,15.1
,16
,16.2
,15.7
,15.9
,15.8
,16.7
,17.9
,20.1
,22.2
,24.8
,27.3
,30.9
,31.2
,28.1
,24.1
,21.9
,20.2
,19.9
,20.7
,20.5
,20.8
,20.1
,19.6
,20.5
,21
,22.2
,24
,26.6
,28.2
,30.5
,37.5
,64.1
,78.5
,85.7
,83.9
,70.4
,50.5
,44
,41.4
,40
,38.7
,35.5
,31.6
,28.3
,27.4
,27.5
,28.7
,30.6
,32.2
,34.8
,41.6
,48.7
,55.4
,57.9
,55.1
,48.8
,41.3
,32.1
,29.6
,27.7
,26.6
,27.2
,28.2
,28.9
,28.4
,27.6
,25.3
,22.8
,22.1
,21.1
,19.6
,19.9
,20.8
,20.5
,20.45
,20.4
,20.35
,20.3
,21.4
,21
,20.9
,21.7
,22.5
,22.3
,21.5
,20.8
,19.8
,19.2
,18.6
,18.3
,18.5
,19.3
,19.9
,20.8
,21
,21.3
,21.1
,21.6
,21.6
,22.1
,22.6
,23.6
,25.1
,26.2
,27.7
,32.5
,38.2
,42.3
,43.6
,46.1
,48.5
,48.4
,46
,40
,33.2
,28.4
,25.6
,23.8
,21.8
,20.4
,19.7
,19.1
,18.7
,18.7
,18.7
,19.1
,19.1
,19.7
,19.4
,19.4
,19.9
,20
,19.5
,19.4
,19.7
,20
,19.2
,19.1
,20
,19.7
,20
,20.7
,22.2
,24.6
,26.4
,27.9
,29.5
,33.1
,37.8
,40.3
,40.2
,40.2
,37.4
,34.1
,30.2
,27.2
,23.7
,21.6
,20.4
,19.8
,18.9
,19.1
,19.1
,17.7
,17.4
,17.5
,18.2
,18.7
,19.7
,20.7
,22.05
,23.4
,24.75
,26.1
,25.7
,26
,26.1
,24.9
,23.7
,22.8
,20.9
,18.4
,17.2
,16.9
,17.2
,17
,30.1
,39.4
,38.5
,38.5
,33.8
,28.5
,26.2
,28.4
,29.8
,31.3
,32.8
,33.5
,35.4
,37.3
,37.9
,33.6
,29.5
,26.9
,25.3
,24.6
,23.2
,22.5
,22.4
,22.7
,23.8
,23.5
,22.1
,21.7
,21.4
,22
,23.3
,23
,22.9
,22.9
,22.8
,22.9
,23.1
,24.5
,26
,26.5
,28.7
,30.4
,30.8
,30.6
,31.3
,31.7
,30.8
,29.8
,28.6
,27.2
,26.8
,28
,30.7
,33.2
,34.1
,32.8
,30.9
,32.4
,35.2
,35.9
,35.4
,33.4
,31.1
,28.1
,29
,29.5
,27.2
,25
,22.3
,19.9
,18.7
,18.3
,17.9
,16.7
,17.2
,18.7
,24.8
,30.1
,33.2
,34.1
,33.575
,33.05
,32.525
,32
,56.2
,45.9
,46.6
,47
,44.8
,44.8
,40.7
,34.5
,30.3
,27.6
,24.6
,23.4
,26
,29.5
,32.7
,32.9
,31.7
,31.3
,32
,30.7
,28.1
,25.6
,23.8
,23.5
,23.6
,22.4
,21.7
,20.7
,20.7
,21
,22.2
,23.8
,25.5
,27.2
,27.4
,27.1
,26.8
,27
,28.6
,31.2
,30.4
,26.6
,24
,22.3
,20.4
,20.4
,21.4
,21.6
,21.3
,22.1
,22.3
,22.7
,24.1
,25.8
,25.4
,23.4
,22.8
,22.7
,22.3
,21.1
,21.1
,22.1
,24.2
,24.7
,23
,21.8
,21.9
,21.4
,20.8
,20.7
,20.6
,20.8
,21
,20.9
,20.6
,22
,30.4
,35.2
,30.8
,28.5
,27.3
,26.7
,32.4
,44.2
,48.1
,48.5
,49.8
,44.1
,36.9
,33.5
,31.5
,29.9
,27.65
,25.4
,23.15
,20.9
,19.8
,18.9
,18.6
,18.2
,18
,18.1
,18.2
,18.1
,19.1
,19.6
,19.9
,19.6
,19.5
,24.3
,27.6
,27.5
,26.9
,24.4
,22.1
,21.4
,19.8
,18.6
,19.3
,24.8
,29.2
,29.9
,30.7
,32
,33.5
,34
,36.4
,40
,42.2
,43.3
,42.7
,41.8
,39.4
,37.3
,36
,34.3
,32.7
,30.9
,29.6
,28.3
,28.5
,29.6
,30.2
,31.1
,31.2
,30.6
,30.8
,31
,31.4
,32
,32.5
,33.8
,35.6
,38.6
,42.5
,42.1
,37.1
,32.2
,30.7
,31.7
,36.4
,43
,51.6
,68
,78
,87
,93
,96
,93.1
,84.4
,60
,48.3
,47.6
,49.2
,50.5
,48.2
,43.2
,36.9
,32.5
,29.3
,26.4
,22.6
,20.6
,18.5
,17.7
,17.3
,17.1
,16.2
,16.3
,16.4
,16.5
,16.6
,17.1
,16.4
,15.9
,16.1
,15.8
,15.3
,15.3
,14.8
,14.6
,14.6
,14.7
,14.8
,15.8
,16.1
,16.2
,16.5
,16.7
,16
,15.6
,15.7
,17
,16.3
,17.7
,20.4
,23.7
,27.4
,32
,36.8
,41.6
,45.6
,48.4
,51.9
,54.9
,57.2
,59.4
,59.9
,60.2
,60.2
,60.4
,60
,59.8
,57.2
,55.3
,53.8
,52
,50
,47.4
,45.4
,44.4
,44.7
,44.5
,45
,45.1
,45.4
,46.3
,46.2
,45.3
,46
,46.7
,47.1
,47.8
,48.3
,48.4
,47.4
,48.2
,49
,49.7
,50.3
,50.3
,50.6
,50.9
,52
,52.7
,52.9
,51.7
,50.9
,50.3
,49.8
,49.8
,49.9
,48.3
,47.8
,47.6
,46.8
,47.2
,46.7
,47.7
,48.3
,48.1
,46.9
,45.4
,43.8
,41.875
,39.95
,38.025
,36.1
,35.5
,35.6
,35.2
,34.6
,34.1
,34.6
,35.6
,34.6
,33.6
,32.3
,29.2
,27.4
,25.6
,24.5
,23.5
,24.2
,24.7
,25.4
,25.8
,27.2
,28.6
,31.5
,32.9
,34.2
,34.7
,36.7
,39
,41.6
,44.4
,46.2
,48.8
,51.5
,53.3
,54.9
,57.5
,59.9
,60.9
,62.4
,64.4
,64.8
,65.4
,64.8
,64.8
,64.4
,64.5
,64.6
,64.3
,64.3
,64.9
,66.4
,68.4
,70.7
,72.1
,72.7
,73.2
,74.5
,76.3
,76.7
,79.2
,81.2
,83.8
,86.6
,88.9
,92
,94.9
,98.2
,102.6
,106.3
,109.6
,113
,115.3
,115.7
,115.7
,113.7
,111.3
,107.1
,101.7
,98.2
,94
,88.9
,83.7
,79.7
,75.4
,71.3
,64.8
,59
,55.1
,52
,50
,48.9
,47.6
,46.6
,45.75
,44.9
,44.05
,43.2
,43.4
,43.5
,43.4
,43.5
,42.9
,42
,42.1
,42
,41.7
,41.6
,39.3
,36.3
,34
,31.8
,30.1
,29.2
,27.8
,27.5
,27.7
,27.2
,26.4
,23.4
,22.4
,24
,26.2
,28.5
,31
,34.7
,37.5
,40.1
,41.4
,41.2
,41.9
,43.5
,45.3
,46.9
,48.4
,49.5
,50.6
,51.5
,51.9
,52.8
,53.1
,52.1
,50.8
,51.4
,51.5
,50.3
,49.9
,51.3
,51.9
,51.9
,51.2
,51.1
,51.1
,51.2
,51
,50.1
,50.5
,51.1
,51.5
,52.1
,52.7
,53.3
,53.9
,55.2
,55.1
,56
,56
,56
,56.5
,56.8
,57
,58.5
,59.1
,58.6
,58.1
,58
,58.3
,57.6
,56.9
,56.3
,55
,54.6
,52.9
,49.7
,47.3
,46.1
,43.4
,37.7
,34.3
,34.1
,32.975
,31.85
,30.725
,29.6
,31
,31.8
,33.6
,35
,35.7
,36.3
,37.6
,38.7
,39.1
,39.8
,40.5
,41.2
,40.4
,41.2
,41.1
,40
,40.6
,41.8
,43.1
,43.8
,44.9
,44.9
,45.5
,46.1
,46.5
,48
,48.2
,49.4
,50.9
,52.1
,54.9
,57.1
,59
,59.8
,61.1
,61.7
,60.3
,59.1
,58.1
,57.6
,57.6
,57.6
,57.6
,56.6
,54.6
,53.8
,53.1
,52.6
,51.3
,50.3
,50.4
,50.8
,51.3
,50.5
,50.2
,50.6
,50.9
,51
,50.2
,49.9
,50.7
,51.4
,52.2
,52.2
,52.8
,53.9
,55.1
,55.8
,55.8
,57.4
,58.2
,59.2
,61.5
,63.2
,65.2
,66.7
,66.4
,67.3
,66.8
,66.1
,63.6
,60.6
,57.6
,54.8
,52.7
,50.3
,47.2
,45.1
,43.8
,41.7
,40.6
,39.7
,40.6
,41.5
,42.4
,43.3
,44.5
,45.8
,47.3
,47.7
,48.5
,48.5
,48.7
,48.3
,47.8
,48.9
,49.8
,48.6
,48
,46
,45.9
,44
,43.7
,44.8
,46.2
,45.9
,45.9
,46.9
,47.5
,48.4
,48.7
,50.1
,50.8
,51.2
,51.7
,52.9
,54.4
,56.1
,57.3
,58.2
,60.1
,61.4
,62.8
,63.2
,63.8
,63.7
,63
,63.1
,63.7
,64.2
,64.15
,64.1
,63.5
,62.1
,60.8
,61.2
,62
,62.2
,61.9
,62.1
,61.4
,60.5
,59.6
,59.4
,59.4
,59.6
,59.5
,59.4
,59.8
,60.5
,60.5
,60.6
,61.6
,62.5
,63.3
,63.3
,64.1
,64.7
,65.5
,66.2
,67.3
,66.6
,66.9
,66.6
,66.2
,64.5
,63.4
,61.9
,61
,60.6
,59.4
,56.5
,54.8
,53.4
,51.9
,50.7
,48.5
,47.6
,46.675
,45.75
,44.825
,43.9
,44.2
,44.1
,44.6
,44.2
,44.7
,45.6
,46.7
,47.2
,47.5
,48.4
,51.4
,53.5
,55.7
,56.3
,55.3
,53.8
,52.7
,53.9
,55.1
,55.1
,56
,57.5
,58.6
,59.2
,59.5
,60.7
,60.9
,61.9
,61.5
,61
,60.5
,60.9
,61.4
,62.2
,61.9
,61.6
,62.3
,62.6
,64.2
,66.6
,67.8
,67.7
,69.2
,70.2
,70.3
